,name,price
0,"TelefonmobilSamsungGALAXYS7Edge,32GB,4G,Gold+BoxaportabilaSamsungLevelBoxSlim,Red",3.699
1,"TelefonmobilSamsungGalaxyJ5(2016),DualSim,16GB,4G,Black",929
2,"TelefonmobilSamsungGALAXYS7Edge,32GB,4G,Black+BoxaportabilaSamsungLevelBoxSlim,Black",3.699
3,"TelefonmobilSamsungGalaxyJ5(2016),DualSim,16GB,4G,Gold",929
4,"TelefonmobilAppleiPhone7,32GB,Black",3.499
5,"TelefonmobilWinkCityS,DualSIM,8GB,3G,Black",389
6,"TelefonmobilHuaweiNova,DualSim,32GB,4G,TitaniumGrey",1.779
7,"TelefonmobilHuaweiP9Lite,DualSim,16GB,4G,Black",1.199
8,"TelefonmobilHuaweiY5II,DualSim,8GB,4G,Black",539
9,"TelefonmobilHuaweiP9Lite,DualSim,16GB,4G,Gold",1.199
10,"TelefonmobilSamsungGALAXYS7,32GB,4G,Black",2.899
11,"TelefonmobilLenovoA7010,DualSIM,32GB,4G,Black",999
12,"TelefonmobilHuaweiP9,DualSim,32GB,4G,TitaniumGrey",2.299
13,"TelefonmobilHuaweiP8Lite,DualSim,16GB,4G,Black",829
14,"TelefonmobilSamsungGALAXYS7,32GB,4G,Gold",2.899
15,"TelefonmobilWinkWorldSE,DualSIM,8GB,3G,Black",239
16,"TelefonmobilASUSZenFoneGoZB500KG,DualSim,8GB,Black",449
17,"TelefonmobilASUSZenFone3ZE520KL,DualSim,32GB,4G,SaphireBlack",1.589
18,"TelefonmobilHuaweiP8Lite,DualSim,16GB,4G,Gold",829
19,"TelefonmobilAppleiPhone7,32GB,RoseGold",3.499
20,"TelefonmobilHuaweiY3II,DualSim,8GB,4G,Gold",389
21,"TelefonmobilWinkShareSE,DualSIM,8GB,Black",319
22,"TelefonmobilAppleiPhone5S,16GB,Silver",1.599
23,"TelefonmobilSamsungGalaxyA5(2016),16GB,4G,Gold",1.599
24,"TelefonmobilAppleiPhone5S,16GB,SpaceGray",1.599
25,"TelefonmobilHuaweiP9Lite,DualSim,16GB,4G,White",1.199
26,"TelefonmobilHuaweiY3II,DualSim,8GB,4G,Black",389
27,"TelefonmobilASUSZenFone3MaxZC520TL,DualSim,32GB,4G,Gray",999
28,"TelefonmobilSamsungGalaxyJ3,DualSim,8GB,4G,Black",729
29,"TelefonmobilSamsungGALAXYS7Edge,32GB,4G,Black",3.699
30,"TelefonmobilAppleiPhone7Plus,32GB,Black",4.119
31,"TelefonmobilAppleiPhone7,32GB,Gold",3.499
32,"TelefonmobilASUSZenFoneGoZB452K,DualSim,8GB,Black",419
33,"TelefonmobilSamsungGalaxyA5(2017),32GB,4G,Black",1.899
34,"TelefonmobilAppleiPhone7,128GB,Black",3.999
35,"TelefonmobilHuaweiY5II,DualSim,8GB,4G,Gold",539
36,"TelefonmobilASUSZenFoneGoZB500KL,DualSim,16GB,4G,Black",699
37,"TelefonmobilWinkGlorySE,DualSIM,8GB,Black",339
38,"TelefonmobilHuaweiP8Lite,DualSim,16GB,4G,White",829
39,"TelefonmobilAllviewX3Soul,DualSIM,32GB,Gold",1.389
40,"TelefonmobilSamsungGalaxyA5(2017),32GB,4G,Gold",1.899
41,"TelefonmobilHuaweiY6IICompact,DualSIM,16GB,4G,Black",649
42,"TelefonmobilASUSZenFone2ZE551ML,DualSim,32GB,4G,Gold",1.349
43,"TelefonmobilHuaweiY3II,DualSim,8GB,4G,White",389
44,"TelefonmobilLenovoK6,DualSIM,16GB,4G,Gray",999
45,"TelefonmobilSamsungGALAXYS7Edge,32GB,4G,Gold",3.699
46,"TelefonmobilAppleiPhone7,32GB,Silver",3.499
47,"TelefonmobilSamsungGalaxyA3(2016),16GB,4G,Black",1.199
48,"TelefonmobilSamsungGalaxyA5(2017),32GB,4G,Blue",1.899
49,"TelefonmobilUMIRomeX,DualSIM,Quad-Core,8GB,8MP,Android5.1,Gold",758
50,"TelefonmobilHuaweiP9,DualSim,32GB,4G,Blue",2.299
51,"TelefonmobilLenovoK6,DualSIM,16GB,4G,Gold",999
52,"TelefonmobilSamsungGalaxyA3(2016),16GB,4G,Gold",1.199
53,"TelefonmobiliHuntOneLove,DualSIM,4G,5.5-inchFHD,Quad-Core,3GBRAM,32GB,Android6.0,Grey(includeHusaSiliconsiFolieProtectie)",1.099
54,"TelefonmobilSamsungGalaxyA3(2017),16GB,4G,Black",1.499
55,"TelefonmobilASUSZenFone2ZE551ML,DualSim,32GB,4G,Black",1.349
56,"TelefonmobilHuaweiNova,DualSim,32GB,4G,MysticSilver",1.779
57,"TelefonmobilLenovoVibeC2Power,DualSIM,16GB,4G,Black",789
58,"TelefonmobilSamsungGalaxyJ1(2016),8GB,4G,Black",689
59,"TelefonmobilSamsungGalaxyJ3,DualSim,8GB,4G,White",729
60,"TelefonmobilSamsungGALAXYS7Edge,32GB,4G,Gold+BoxaportabilaSamsungLevelBoxSlim,Red",3.699
61,"TelefonmobilSamsungGalaxyJ5(2016),DualSim,16GB,4G,Black",929
62,"TelefonmobilSamsungGALAXYS7Edge,32GB,4G,Black+BoxaportabilaSamsungLevelBoxSlim,Black",3.699
63,"TelefonmobilSamsungGalaxyJ5(2016),DualSim,16GB,4G,Gold",929
64,"TelefonmobilAppleiPhone7,32GB,Black",3.499
65,"TelefonmobilWinkCityS,DualSIM,8GB,3G,Black",389
66,"TelefonmobilHuaweiNova,DualSim,32GB,4G,TitaniumGrey",1.779
67,"TelefonmobilHuaweiP9Lite,DualSim,16GB,4G,Black",1.199
68,"TelefonmobilHuaweiY5II,DualSim,8GB,4G,Black",539
69,"TelefonmobilHuaweiP9Lite,DualSim,16GB,4G,Gold",1.199
70,"TelefonmobilSamsungGALAXYS7,32GB,4G,Black",2.899
71,"TelefonmobilLenovoA7010,DualSIM,32GB,4G,Black",999
72,"TelefonmobilHuaweiP9,DualSim,32GB,4G,TitaniumGrey",2.299
73,"TelefonmobilHuaweiP8Lite,DualSim,16GB,4G,Black",829
74,"TelefonmobilSamsungGALAXYS7,32GB,4G,Gold",2.899
75,"TelefonmobilWinkWorldSE,DualSIM,8GB,3G,Black",239
76,"TelefonmobilASUSZenFoneGoZB500KG,DualSim,8GB,Black",449
77,"TelefonmobilASUSZenFone3ZE520KL,DualSim,32GB,4G,SaphireBlack",1.589
78,"TelefonmobilHuaweiP8Lite,DualSim,16GB,4G,Gold",829
79,"TelefonmobilAppleiPhone7,32GB,RoseGold",3.499
80,"TelefonmobilHuaweiY3II,DualSim,8GB,4G,Gold",389
81,"TelefonmobilWinkShareSE,DualSIM,8GB,Black",319
82,"TelefonmobilAppleiPhone5S,16GB,Silver",1.599
83,"TelefonmobilSamsungGalaxyA5(2016),16GB,4G,Gold",1.599
84,"TelefonmobilAppleiPhone5S,16GB,SpaceGray",1.599
85,"TelefonmobilHuaweiP9Lite,DualSim,16GB,4G,White",1.199
86,"TelefonmobilHuaweiY3II,DualSim,8GB,4G,Black",389
87,"TelefonmobilASUSZenFone3MaxZC520TL,DualSim,32GB,4G,Gray",999
88,"TelefonmobilSamsungGalaxyJ3,DualSim,8GB,4G,Black",729
89,"TelefonmobilSamsungGALAXYS7Edge,32GB,4G,Black",3.699
90,"TelefonmobilAppleiPhone7Plus,32GB,Black",4.119
91,"TelefonmobilAppleiPhone7,32GB,Gold",3.499
92,"TelefonmobilASUSZenFoneGoZB452K,DualSim,8GB,Black",419
93,"TelefonmobilSamsungGalaxyA5(2017),32GB,4G,Black",1.899
94,"TelefonmobilAppleiPhone7,128GB,Black",3.999
95,"TelefonmobilHuaweiY5II,DualSim,8GB,4G,Gold",539
96,"TelefonmobilASUSZenFoneGoZB500KL,DualSim,16GB,4G,Black",699
97,"TelefonmobilWinkGlorySE,DualSIM,8GB,Black",339
98,"TelefonmobilHuaweiP8Lite,DualSim,16GB,4G,White",829
99,"TelefonmobilAllviewX3Soul,DualSIM,32GB,Gold",1.389
100,"TelefonmobilSamsungGalaxyA5(2017),32GB,4G,Gold",1.899
101,"TelefonmobilHuaweiY6IICompact,DualSIM,16GB,4G,Black",649
102,"TelefonmobilASUSZenFone2ZE551ML,DualSim,32GB,4G,Gold",1.349
103,"TelefonmobilHuaweiY3II,DualSim,8GB,4G,White",389
104,"TelefonmobilLenovoK6,DualSIM,16GB,4G,Gray",999
105,"TelefonmobilSamsungGALAXYS7Edge,32GB,4G,Gold",3.699
106,"TelefonmobilAppleiPhone7,32GB,Silver",3.499
107,"TelefonmobilSamsungGalaxyA3(2016),16GB,4G,Black",1.199
108,"TelefonmobilSamsungGalaxyA5(2017),32GB,4G,Blue",1.899
109,"TelefonmobilUMIRomeX,DualSIM,Quad-Core,8GB,8MP,Android5.1,Gold",758
110,"TelefonmobilHuaweiP9,DualSim,32GB,4G,Blue",2.299
111,"TelefonmobilLenovoK6,DualSIM,16GB,4G,Gold",999
112,"TelefonmobilSamsungGalaxyA3(2016),16GB,4G,Gold",1.199
113,"TelefonmobiliHuntOneLove,DualSIM,4G,5.5-inchFHD,Quad-Core,3GBRAM,32GB,Android6.0,Grey(includeHusaSiliconsiFolieProtectie)",1.099
114,"TelefonmobilSamsungGalaxyA3(2017),16GB,4G,Black",1.499
115,"TelefonmobilASUSZenFone2ZE551ML,DualSim,32GB,4G,Black",1.349
116,"TelefonmobilHuaweiNova,DualSim,32GB,4G,MysticSilver",1.779
117,"TelefonmobilLenovoVibeC2Power,DualSIM,16GB,4G,Black",789
118,"TelefonmobilSamsungGalaxyJ1(2016),8GB,4G,Black",689
119,"TelefonmobilSamsungGalaxyJ3,DualSim,8GB,4G,White",729
120,"TelefonmobilCATB25,DualSIM,Black",249
121,"TelefonmobilSamsungGalaxyA3(2017),16GB,4G,Gold",1.499
122,"TelefonmobiliHuntOneLove,DualSIM,4G,5.5-inchFHD,Quad-Core,3GBRAM,32GB,Android6.0,Gold(includeHusaSiliconsiFolieProtectie)",1.099
123,"TelefonmobilAppleiPhoneSE,64GB,4G,SpaceGray",2.499
124,"TelefonmobilHuaweiNova,DualSim,32GB,4G,PrestigeGold",1.779
125,"TelefonmobilAppleiPhoneSE,64GB,4G,RoseGold",2.499
126,"TelefonmobilAppleiPhone7,128GB,RoseGold",3.999
127,"TelefonmobilAllviewP8eMagic,DualSIM,16B,4G,Gold",899
128,"TelefonmobilAppleiPhoneSE,16GB,4G,Gold",2.199
129,"TelefonmobilAllviewP6EnergyLite,DualSIM,8GB,4G,Black",599
130,"TelefonmobilBlubooMaya,DualSIM,5.5-inchHD,Quad-Core,2GBRAM,16GB,13MP,3000mAh,Android6.0,Gold",725
131,"TelefonmobilAppleiPhoneSE,16GB,4G,RoseGold",2.199
132,"TelefonmobilHuaweiY6IICompact,DualSIM,16GB,4G,White",649
133,"TelefonmobilAppleiPhone7Plus,32GB,RoseGold",4.119
134,"TelefonmobilAppleiPhone6s,32GB,RoseGold",2.999
135,"TelefonmobilAllviewP8eMagic,DualSIM,16GB,4G,Grey",899
136,"TelefonmobilAppleiPhone7,128GB,Gold",3.999
137,"TelefonmobilAppleiPhone7Plus,32GB,Gold",4.119
138,"TelefonmobilSamsungGalaxyS7,32GB,4G,WhitePearl",2.899
139,"TelefonmobilASUSZenFoneZoom,64GB,4G,PureBlack",2.569
140,"TelefonmobilAppleiPhone6s,32GB,SpaceGrey",2.999
141,"TelefonmobilLenovoVibeS1Lite,DualSIM,16GB,4G,Blue",1.049
142,"TelefonmobilLenovoVibeP1m,DualSIM,16GB,4G,White",769
143,"TelefonmobilVoninoJaxX,DualSIM,8GB,Black",389
144,"TelefonmobilLenovoK6Note,DualSim,32GB,4G,Silver",1.149
145,"TelefonmobilAppleiPhoneSE,16GB,4G,Silver",2.199
146,"TelefonmobilHuaweiY5II,DualSim,8GB,4G,White",539
147,"TelefonmobilAppleiPhone7Plus,128GB,RoseGold",4.649
148,"TelefonmobilAppleiPhone7,128GB,JetBlack",3.999
149,"TelefonmobilLenovoMotoG4Play,DualSim,16GB,4G,Black",799
150,"TelefonmobilAppleiPhone7,128GB,Silver",3.999
151,"TelefonmobilLenovoVibeS1Lite,DualSIM,16GB,4G,White",1.049
152,"TelefonmobilASUSZenFone3MaxZC520TL,DualSim,32GB,4G,Silver",999
153,"TelefonmobilAllviewV2ViperXe,DualSIM,16GB,4G,Blue",1.079
154,"TelefonmobilLenovoVibeAPlus,DualSIM,8GB,Black",349
155,"TelefonmobilAppleiPhoneSE,64GB,4G,Gold",2.499
156,"TelefonmobilAllviewX2SoulXtreme,DualSIM,64GB,4G,Gold",1.979
157,"TelefonmobilAllviewV2ViperXe,DualSIM,16GB,4G,Gold",1.079
158,"TelefonmobilAppleiPhone7,256GB,JetBlack",4.549
159,"TelefonmobilAppleiPhone7Plus,128GB,Gold",4.649
160,"TelefonmobilHuaweiP9,DualSim,32GB,4G,MysticSilver",2.299
161,"TelefonmobilHuaweiY6Pro,DualSim,16GB,4G,Gold",739
162,"TelefonmobilLGG4DualSim,32GB,4G,LeatherBlack",1.899
163,"TelefonmobilAppleiPhone7Plus,128GB,Silver",4.649
164,"TelefonmobilAppleiPhone6sPlus,32GB,SpaceGrey",3.499
165,"TelefonmobilASUSZenFone3MaxZC520TL,DualSim,32GB,4G,Gold",999
166,"TelefonmobilSamsungGalaxyS7,32GB,4G,Silver",2.899
167,"TelefonmobilLenovoK5,DualSIM,16GB,4G,Gray",889
168,"TelefonMobilCUBOTRainbow,DualSIM,5""HDIPS,Quad-Core,16GB,13MPx,LEDNotificare,Android6.0,Auriu",494
169,"TelefonmobilSamsungGalaxyS7Edge,32GB,4G,Silver",3.699
170,"TelefonmobilVoninoZunXS,DualSim,8GB,4G,Black",459
171,"TelefonmobilAppleiPhone7Plus,32GB,Silver",4.119
172,"TelefonmobilAllviewX2SoulStyle,DualSIM,16GB,4G,Blue",829
173,"TelefonmobilAppleiPhone7Plus,128GB,JetBlack",4.649
174,"TelefonmobilAppleiPhone6S,128GB,RoseGold",3.499
175,"TelefonmobilAllviewP9EnergyLite,DualSIM,32GB,4G,Gold",1.189
176,"TelefonmobilHonor8,DualSim,32GB,4G,SapphireBlue",1.899
177,"TelefonMobilXiaomiRedmi4Pro,3GBRAM,32GBROM,13MP,Snapdragon,DualSIM,Gold",949
178,"TelefonmobilUMILondon,3G,DualSIM,Quad-Core,8GB,8MPSony,Android6.0,Gold",590
179,"TelefonmobilVoninoZunXO,DualSIM,16GB,4G,Black",759
180,"TelefonmobilAllviewM7Stark,DualSIM,Black",109
181,"TelefonmobilNokia105New2015,Black",108
182,"TelefonmobilLenovoMotoG4Play,DualSim,16GB,4G,White",799
183,"TelefonmobilAllviewX3SoulStyle,DualSIM,32B,4G,Grey",1.189
184,"TelefonmobilHTCDesire10Lifestyle,16GB,4G,PolarWhite",1.399
185,"TelefonmobiliHunti1,3G,Dual-SIM,RadioFM,IP67,Negru",499
186,"TelefonmobilAllviewX3SoulLite,DualSIM,16GB,4G,Gold",899
187,"TelefonmobilSamsungGalaxyJ1MiniPrime,DualSim,8GB,Gold",480
188,"TelefonmobilPhonemaxMars,3G,DualSIM,Quad-Core,8GB,LEDNotificare,Android6.0,Gold",399
189,"TelefonmobilLenovoMotoZ,DualSim,32GB,4G,Black",2.999
190,"TelefonmobilUMIPlusE,4G,6GBRAM,64GB,DualSIM,Octa-CoreHelioP20,Android7.0,4000mAh,Black",1.982
191,"TelefonmobilLenovoVibeP1m,16GB,4G,Black",599
192,"TelefonmobilLenovoK5Plus,DualSIM,16GB,4G,Gold",989
193,"TelefonmobilBlubooMini,3G,DualSIM,Quad-Core,8GB,Android6.0,Red",499
194,"TelefonmobilAllviewX3SoulStyle,DualSIM,32B,4G,Gold",1.189
195,"TelefonmobilAllviewP8EnergyPro,DualSIM,64GB,4G,Gold",1.949
196,"TelefonmobilSamsungGalaxyJ7(2016),16GB,4G,Gold",1.376
197,"TelefonmobilAllviewP7Pro,DualSIM,16GB,4G,Grey",699
198,"TelefonmobilLGG4DualSim,32GB,4G,LeatherBrown",1.899
199,"TelefonmobilSamsungGalaxyJ5(2016),16GB,4G,Gold",1.069
200,"TelefonmobilNokia216,DualSim,Black",179
201,"TelefonmobilAllviewM9Jump,DualSim,Black",329
202,"TelefonmobilBlubooMaya,DualSIM,5.5-inchHD,Quad-Core,2GBRAM,16GB,13MP,3000mAh,Android6.0,Grey",725
203,"TelefonMobilCUBOTRainbow,DualSIM,5""HDIPS,Quad-Core,16GB,13MPx,LEDNotificare,Android6.0,Negru",494
204,"TelefonMobilCUBOTNoteS,DualSIM,5.5""HDIPS,16GB,8Mpx,4150mAh,Auriu,Android6.0",799
205,"TelefonmobilNokia222,Black",189
206,"TelefonmobilASUSZenFoneZoom,64GB,4G,CeramicWhite",2.569
207,"TelefonmobilSamsungG389Xcover3,8GB,4G,DarkSilver",899
208,"TelefonmobilSamsungN920GalaxyNote5,32GB,4G,Gold",3.399
209,"TelefonmobilHomTomHT20,4G,DualSIM,16GB,Android6.0,SenzorAmprenta,Verde",995
210,"TelefonmobilAppleiPhone7Plus,256GB,Black",5.149
211,"TelefonmobilAllviewP7Pro,DualSIM,16GB,4G,Gold",699
212,"TelefonmobilAllviewP9Energy,DualSIM,64GB,4G,DarkGold",1.899
213,"TelefonmobilAllviewP41Emagic,DualSIM,8GB,Black",329
214,"TelefonmobilAllviewX3SoulLite,DualSIM,16GB,4G,Grey",899
215,"TelefonMobilCUBOTNoteS,DualSIM,5.5""HDIPS,16GB,8Mpx,4150mAh,Negru,Android6.0",799
216,"TelefonmobilSamsungGalaxyA5(2016),DualSim,16GB,4G,White",1.599
217,"TelefonmobilLenovoK5Plus,DualSIM,16GB,4G,Silver",989
218,"TelefonmobilLenovoVibeCA2020,DualSIM,8GB,4G,Black",489
219,"TelefonmobilAppleiPhone6S,128GB,Silver",3.499
220,"TelefonmobilAllviewP9Energy,DualSIM,64GB,4G,Gold",1.899
221,"TelefonmobilNokia230,DarkSilver",289
222,"TelefonmobilAlcatel1016,VolcanoBlack",95
223,"TelefonmobilAppleiPhone7Plus,256GB,JetBlack",5.149
224,"TelefonmobilPhonemaxQ5,DualSIM,Quad-Core,8GB,Android6.0,Black",525
225,"TelefonmobilBlackviewBV6000,4G+,DualSIM,4.7-inchHD,Octa-CoreHelioP10,3GBRAM,32GB,13MP,4500mAh,Android6.0,Negru,IP68",1.599
226,"TelefonmobilAllviewH3Join,Black",219
227,"TelefonmobilVoninoJaxS,DualSim,8GB,Grey",349
228,"TelefonmobilSamsungGalaxyJ3,8GB,4G,Gold",679
229,"TelefonmobilVoninoXyloX,DualSIM,8GB,DarkBlue",249
230,"TelefonmobilAppleiPhone6S,128GB,Gold",3.499
231,"TelefonmobilLenovoVibeC2,DualSIM,8GB,4G,Black",649
232,"TelefonmobilSamsungGalaxyJ3,8GB,4G,Black",829
233,"TelefonmobilMicrosoft435Lumia,DualSIM,8Gb,Black",349
234,"TelefonmobilASUSZenFoneGoZB500KL,DualSim,16GB,4G,Blue",699
235,"TelefonmobilSamsungGALAXYS6,32GB,4G,Black",2.099
236,"XiaomiRedmi4A,2GBRAM,16GBROM,13MP,Snapdragon,DualSIM,RoseGold",649
237,"TelefonmobilHomTomHT20,4G,DualSIM,16GB,Android6.0,SenzorAmprenta,Negru",995
238,"TelefonmobilSamsungGalaxyA7(2016),DualSim,16GB,4G,Black",2.079
239,"TelefonmobilSonyXperiaXCompact,32GB,4G,White",2.199
240,"TelefonmobilAppleiPhone7,256GB,Black",4.549
241,"TelefonmobilAllviewP6Plus,DualSIM,8GB,Brown",439
242,"TelefonmobilAppleiPhone7Plus,256GB,Gold",5.149
243,"TelefonmobilAllviewP8EnergyPro,DualSIM,64GB,4G,White",1.949
244,"TelefonmobilBlackviewA8,DualSIM,Quad-Core,5-inchHD,8GB,8MP,Black,Android5.1(includeHusasilicon)",550
245,"TelefonmobilZTEBladeV7Lite,DualSim,8GB,4G,Gold",699
246,"TelefonmobilAllviewX3SoulStyle,DualSIM,32B,4G,LatteGold",1.189
247,"TelefonMobilBlubooMayaDualSIM,3G,5.5""HDJDI(GorillaGlass3),4Core1.3GHz,2GB+16GB,13MPxSONY,Auriu+BONUS:HusaSiliconsiFolieSticla",792
248,"TelefonmobilLenovoK5,DualSIM,16GB,4G,Silver",889
249,"TelefonmobilXiaomiRedmi4,DualSIM,16GB,4G,Gold",749
250,"TelefonmobilUMILondon,3G,DualSIM,5-inchHD,Quad-Core,1GBRAM,8GB,8MPSony,Android6.0,JetBlack",590
251,"TelefonmobilUTOKQ40,DualSIM,8GB,Black",259
252,"TelefonmobilLenovoA6010,DualSIM,8GB,4G,Red",549
253,"TelefonmobilAllviewP8EnergyMini,DualSIM,16GB,Grey",719
254,"TelefonmobilAppleiPhone7,256GB,Silver",4.549
255,"TelefonmobilUMIPlus,4G,DualSIM,Octa-Core,4GBRAM,32GB,USBType-C,4000mAh,Android7.0,Grey",1.599
256,"TelefonmobilSamsungJ32016DualSim,8GB,4G,Auriu",829
257,"TelefonmobilASUSZenFone3ZE552KL,DualSim,64GB,4G,SaphireBlack",1.799
258,"TelefonmobilBlackviewUltra,3G,DualSIM,Quad-core,1GBRAM,8GB,13MP,RoseGold(inlcludehusa-bumpersilicon)",750
259,"TelefonMobilBlubooMINIDualSIM,KIT,3G,4.5""IPS,QuadCore1.3GHz,1GB+8GB,8MPx,Android6.0,Negru+BONUS:FolieProtectiesiCasti",346
260,"TelefonmobiliHuntFreedom-DualSIM,Quad-Core,8GB,8MPSony,Android5.1,Gold(includeHusasilicon)",550
261,"TelefonmobilAppleiPhone6S,128GB,SpaceGray",3.499
262,"TelefonmobilSamsungGalaxyJ5(2016),DualSim,16GB,4G,Gold",1.039
263,"TelefonmobilSamsungGALAXYS6Edge,32GB,4G,Gold",2.399
264,"TelefonmobilBlackviewA8Max,4G,DualSIM,Quad-Core,2GBRAM,16GB,Android6.0,3000mAh,Negru(includeHusasilicon)",899
265,"TelefonmobilZTEBladeA512,DualSim,16GB,4G,Black",799
266,"TelefonmobilHuaweiY6II,DualSIM,16GB,4G,Gold",749
267,"TelefonmobilSamsungGalaxyC5,C5000,DualSim,32GB,4G,Roz",1.549
268,"TelefonmobilCATB30,DualSIM,Black",379
269,"TelefonmobilNokia230,DualSim,DarkSilver",246
270,"TelefonmobilBlackviewE7s,DualSIM,Quad-Core,2GBRAM,16GB,SenzorAmprenta,Android6.0,Grey",675
271,"TelefonmobilLeEcoLe2Pro(LeTv),DualSIM,4G,5.5-inchFHD,4GBRAM,32GB,Android6.0,USBType-C,Gold",1.999
272,"TelefonmobilBlackviewA8,DualSIM,Quad-Core,5-inchHD,8GB,8MP,Gold,Android5.1(includeHusasilicon)",550
273,"TelefonmobilSamsungJ32016DualSim,8GB,4G,Negru",689
274,"XiaomiRedmi4Prime32GB5,0inches2.0GHzOcta-core3GBArgintiu",949
275,"TelefonmobilSamsungGalaxyA7(2016),DualSim,16GB,4G,Gold",2.082
276,"TelefonmobilSamsungGalaxyJ3(2016)DualSim,8GB,4G,Negru",699
277,"TelefonmobilAllviewP6Qmax,DualSIM,16GB,White",949
278,"TelefonmobilNokia216,Black",179
279,"TelefonmobilAppleiPhone7,256GB,RoseGold",4.549
280,"TelefonmobilMicrosoftLumia532,DualSim,8GB,Black",450
281,"TelefonmobilMicrosoftLumia650,16GB,4G,BlackDarkSilver",673
282,"TelefonMobilUlefonePOWERDualSIM,4G,5.5""FHD,Octa-Core,3GB+16GB,6050mAh,TouchID,Android6.0,AlbastruInchis",999
283,"TelefonmobilVoninoJaxS,DualSim,8GB,DarkBlue",349
284,"TelefonMobilUlefoneBEPureLite,DualSIM,3G,5""HDIPS,Quad-Core,8GB,13MPxSony,Android6.0,Albastru",479
285,"TelefonmobilAppleiPhone7,256GB,Gold",4.549
286,"TelefonmobilNokia230,DualSim,Silver",246
287,"TelefonmobilNokia230,Silver",289
288,"TelefonmobilSamsungGalaxyJ2,DualSim,8GB,4G,Black",789
289,"TelefonmobilUMIRomeX,DualSIM,Quad-Core,8GB,8MP,Android5.1,Negru",693
290,"TelefonmobilSamsungGalaxyJ5(2016),16GB,4G,Black",949
291,"TelefonmobilUlefoneMetal,4G,DualSIM,5.0-inchHD,Octa-Core,3GBRAM,16GB,Android6.0,3050mAh,GriMetalic(includeHusapiele)",799
292,"TelefonmobilNokia222,DualSIM,Black",174
293,"TelefonmobiliHuntFreedom-DualSIM,Quad-Core,8GB,8MPSony,Android5.1,Black(includeHusasilicon)",550
294,"TelefonmobilOukitelU7Plus,4G,DualSIM,Quad-Core,2GBRAM,16GB,SenzorAmprenta,Android6.0,Gold",775
295,"TelefonmobilSamsungGalaxyJ2,DualSim,8GB,4G,Gold",789
296,"TelefonmobilUMIMax,4G,DualSIM,Octa-Core,3GBRAM,16GB,13MP,4000mAh,Android6.0,Grey",1.250
297,"TelefonmobilAllviewV2ViperX,DualSIM,16GB,4G,Blue",949
298,"TelefonmobilLeEcoLe3Pro,DualSIM,4G,Snapdragon821,64GB,16MP,Android6.0,4070mAh,ForceGold",2.875
299,"TelefonmobilBlackviewUltra,DualSIM,Quad-core,8GB,13MP,Gold(inlcludehusa-bumpersilicon)",750
300,"TelefonmobilAllviewP9EnergyMini,DualSIM,16GB,4G,DarkBlue",949
301,"TelefonmobilLenovoVibeP1,DualSIM,32GB,4G,Grey",1.279
302,TelefonMobilLGG5SEH84032GBTitaniumGreyH840Grey,1.949
303,"TelefonmobilHTCDesire820GPlus,DualSim,16GB,3G,GriTuxedo",766
304,"TelefonmobilSamsungGalaxyJ5(2016),16GB,4G,White",949
305,"TelefonmobilHTC10,32GB,4G,CarbonGrey",2.649
306,"TelefonmobilLenovoVibeB,DualSIM,8GB,4G,Black",389
307,"TelefonmobilBlubooMaya,DualSIM,5.5-inchHD,Quad-Core,2GBRAM,16GB,13MP,3000mAh,Android6.0,Alb",725
308,"TelefonmobilSamsungGALAXYS6Edge,32GB,4G,Green",2.449
309,"TelefonmobilSamsungGalaxyJ7(2016),16GB,4G,Black",1.376
310,"TelefonmobilAllviewP9EnergyMini,DualSIM,16GB,4G,DarkGold",949
311,"TelefonmobilMyPhoneHalo2,Black",158
312,"TelefonmobilSamsungGalaxyA3(2016),16GB,4G,White",1.099
313,"TelefonmobilZTEBladeV7Lite,DualSim,8GB,4G,Grey",699
314,"TelefonmobilAlcatel1035,DualSim,DarkGrey",139
315,"TelefonmobilAllviewV2ViperX,DualSIM,16GB,4G,White",949
316,"TelefonmobilAlcatelPop4Plus(5.5),DualSim,16GB,4G,MetalSilver",689
317,"TelefonmobilLenovoA7020K5Note,DualSIM,32GB,4G,Gold",1.457
318,"TelefonmobilElephoneS7,DualSIM,4G+,Deca-CoreX20,4GBRAM,64GB,Android6.0,Negru(includeHusaSilicon)",1.599
319,"TelefonmobiliHuntPatriotx33,IP68,DualSIM,32GB,Android6.0,Negru",1.499
320,"TelefonmobilHomTomHT17,4G,DualSIM,5.5-inchHD,8GB,Fingerprint,Android6.0,3000mAh,White(includeFoliesiHusaSilicon)",625
321,"TelefonmobilAllviewP6Lite,DualSIM,8GB,Gold",449
322,"TelefonmobilHtcDesire530,16GB,4G,DarkGrey",737
323,"TelefonmobilSamsungGALAXYS7Edge,DualSim,32GB,4G,Black",3.050
324,"TelefonmobilHTCDesire620G,DualSim,8GB,Grey",789
325,"TelefonmobilMyPhoneHalo2,Red",158
326,"TelefonmobilBlackviewBV6000,4G+,DualSIM,4.7-inchHD,Octa-CoreHelioP10,3GBRAM,32GB,13MP,4500mAh,Android6.0,Verde,IP68",1.599
327,"TelefonmobilBLUStudioG,DualSim,8GB,Grey",469
328,"TelefonmobilMicrosoft435Lumia,DualSIM,8GB,White",349
329,"TelefonmobilMeizuMetal,DualSim,16GB,4G,Blue",849
330,"TelefonmobilSamsungGalaxyJ5Prime,DualSim,16GB,4G,Gold",1.250
331,"TelefonmobilUMIDiamondX,4G,DualSIM,Quad-Core,2GBRAM,16GB,13MP,Android6.0,Gold",725
332,"TelefonmobilOukitelU7Plus,4G,DualSIM,Quad-Core,2GBRAM,16GB,SenzorAmprenta,Android6.0,RoseGold",775
333,"TelefonmobilSamsungGalaxyC5,C5000,DualSim,32GB,4G,Gri",1.549
334,"TelefonmobilSamsungGalaxyC5,C5000,DualSim,32GB,4G,Argintiu",1.549
335,"TelefonmobilAppleiPhone6Plus,64GB,SpaceGray",3.410
336,"TelefonmobilHtcDesire825,16GB,4G,DarkGrey",1.299
337,"TelefonmobilLGK220XPower,16GB,4G,Black",941
338,"TelefonmobilSamsungGalaxyJ1AceJ111,DualSim,8GB,4G,Alb",582
339,"TelefonmobilHTCDesire10Lifestyle,16GB,4G,StoneBlack",1.399
340,"TelefonmobilLenovoP2,Dualsim,32GB,Grey",1.934
341,"TelefonmobilBlubooMini,3G,DualSIM,Quad-Core,8GB,Android6.0,Negru",346
342,"TelefonmobilUMIPlus,4G,DualSIM,Octa-Core,4GBRAM,32GB,USBType-C,4000mAh,Android7.0,Gold",1.599
343,"TelefonmobilSonyXperiaXZ,32GB,4G,Black",2.999
344,"TelefonmobilAllviewV2ViperS,DualSIM,32GB,4G,Gold",1.139
345,"TelefonmobilHonor5X,DualSim,16GB,4G,Grey",1.269
346,"TelefonmobilAllviewA6Duo,DualSIM,8GB,Black",349
347,"TelefonmobilLenovoVibeP1,DualSIM,32GB,4G,Gold",1.279
348,"TelefonmobilHTCOneM9,32GB,4G,GoldonSilver",1.879
349,"TelefonmobilXiaomiRedmiNote3ProDualSim,32GB,4G,Gold",1.249
350,"TelefonmobilSamsungGalaxyJ3(2016)DualSim,8GB,4G,Alb",829
351,"TelefonmobiliHuntPatriotx33,IP68,DualSIM,32GB,Android6.0,Galben",1.499
352,"TelefonmobilHtcDesire825,16GB,4G,SprinkleWhite",1.299
353,"TelefonmobilHTCDesire526G+,DualSim,16GB,Albastru",549
354,"TelefonmobilNokia130,DualSim,Black",114
355,"TelefonmobilAlcatelOT-1016G,Alb",90
356,"TelefonmobilHomTomHT16,3G,DualSIM,Quad-Core,8GB,Android6.0,3000mAh,Negru",450
357,"TelefonmobilUTOKQ5GT,DualSIM,8GB,4G,Black",399
358,"TelefonmobilAppleiPhone6Plus,64GB,Silver",3.410
359,"TelefonmobilAllviewV2ViperX+,DualSIM,16GB,Gold",1.289
360,"TelefonmobilLenovoVibeB,DualSIM,8GB,4G,White",389
361,"TelefonmobilBlackviewBV6000,4G+,DualSIM,4.7-inchHD,Octa-CoreHelioP10,3GBRAM,32GB,13MP,4500mAh,Android6.0,Galben,IP68",1.599
362,"TelefonmobilpentruSenioriFYSIC,TasteMari,ButonSOS,Meniusimplu",155
363,"TelefonmobilHtcDesire628,DualSim,32GB,4G,SunsetBlue",949
364,"TelefonmobilSonyXPerformance,DualSIM,64GB,4G,RoseGold",2.334
365,"TelefonmobilXiaomiMiMaxDualSim,16GB,4G,Auriu",923
366,"TelefonmobilSonyZ5Premium,DualSIM,32GB,4G,Gold",2.375
367,"TelefonMobilUlefoneArmorDualSIM,4G,4.7""HDIPS(GorillaGlass3),Octa-Core,3GB+32GB,13MPx,StandardProtectieIP68,Android6.0,Negru",1.499
368,"TelefonmobilMicrosoft535Lumia,DualSIM,Black",500
369,"TelefonmobilEvolioS5Pro,DualSIM,8GB,Black",339
370,"TelefonmobilXiaomiMi5,DualSim,32GB,4G,White",1.409
371,"TelefonmobilLenovoP2,Dualsim,32GB,Gold",1.934
372,"TelefonmobilSamsungGalaxyS7Edge,32GB,WhitePearl",3.149
373,"TelefonmobilHuaweiNexus6P,32GB,4G,GraphiteGrey",2.679
374,"TelefonmobilAppleiPhone6S,16GB,Silver",2.949
375,"TelefonmobilAllviewL6,DualSim,Black",69
376,"TelefonmobilBlackviewA8Max,4G,DualSIM,Quad-Core,2GBRAM,16GB,Android6.0,3000mAh,Gold(includeHusasilicon)",899
377,"TelefonmobilSamsungGalaxyA5(2016),16GB,4G,White",1.569
378,"TelefonmobilLGK4,8GB,4G,Indigo",569
379,"TelefonmobilAllviewP8EnergyMini,DualSIM,16GB,Gold",699
380,"TelefonmobilMicrosoftLumia532,DualSim,8GB,White",299
381,"TelefonmobilMicrosoftLumia640XL,8GB,4G,Black",722
382,"TelefonmobilBlackberryDTEK50,16GB,4G,Black",1.549
383,"TelefonmobilSamsungGalaxyJ2,DualSim,8GB,4G,White",789
384,"TelefonmobilUlefoneArmor,4G,DualSIM,Octa-Core,3GBRAM,32GB,NFC,Android6.0,IP68,Orange",1.104
385,"TelefonmobilMotorolaMotoG4Plus,XT1642,DualSim,16GB,4G,Negru",1.208
386,"TelefonmobilOukitelU15Pro,DualSIM,4G,Octa-Core,3GBRAM,32GB,Android6.0,Gold(includeHusasiliconsiFolieprotectie)",1.099
387,"TelefonmobilSamsungGalaxyA8,A8000,DualSim,32GB,4G,Auriu",1.666
388,"TelefonmobilSamsungGALAXYS6Edge,32GB,4G,Black",2.349
389,"TelefonmobilSonyXperiaX,32GB,4G,Black",2.069
390,"TelefonmobilSamsungGalaxyJ7(2016),DualSim,16GB,4G,Gold",1.249
391,"TelefonmobilAppleiPhone6Plus,16GB,Silver",2.729
392,"TelefonmobilUMIDiamond,4G,DualSIM,Octa-Core,3GBRAM,16GB,13MP,Android6.0,Gold",925
393,"TelefonmobilAppleiPhone6S,64GB,RoseGold",3.700
394,"TelefonmobilAppleiPhone6SPlus,16GB,SpaceGray",3.379
395,"TelefonmobilUMIMax,4G,DualSIM,Octa-Core,3GBRAM,16GB,13MP,4000mAh,Android6.0,Gold",1.250
396,"TelefonmobilMyphoneHammer,DualSim,Black",262
397,"TelefonMobilCUBOTRainbow,DualSIM,5""HDIPS,Quad-Core,16GB,13MPx,LEDNotificare,Android6.0,Alb+BONUS:HusaSilicon,FoliePlasticsiromanulTentoria",494
398,"TelefonmobilLenovoMotoE3,8GB,4G,Black",699
399,"TelefonmobilOnePlus3,DualSIM,4G,Snapdragon820,6GBRAM,64GB,16MP,Android6.0.1,Graphite",2.549
400,"TelefonmobilAppleiPhone6S,64GB,Silver",3.700
401,"TelefonmobilMannZugS,Dual-SIM,3G,RadioFM,IP67,Gri",494
402,"TelefonmobilLenovoVibeC2Power,DualSIM,16GB,4G,White",938
403,"TelefonmobilHonor8,DualSim,64GB,4G,SapphireBlue",2.165
404,"TelefonmobilMeizuMX5,DualSim,32GB,4G,White",2.179
405,"TelefonmobilASUSZenFoneMax,DualSim,32GB,4G,White",736
406,"TelefonMobilCUBOTS600,DualSIM,SenzorAmprenta,4G,5""JDIAH-IPS,4Core1.3GHz,2GB+16GB,16MPxPDAFSamsung,7.5mm,Android5.1,Negru+BONUS:CarcasaTransparenta,FolieSticla",792
407,"TelefonmobilXiaomiRedmi3S,DualSIM,16GB,4G,White",754
408,"TelefonMobilBlackberryQ10,White",673
409,"TelefonmobilHuaweiP8Max,DualSim,64GB,4G,Grey",2.684
410,"TelefonmobilHonor5X,DualSim,16GB,4G,Silver",1.269
411,"TelefonmobilSamsungGalaxyS7Edge,32GB,4G,PinkGold",3.349
412,"TelefonmobilHtcDesire828,16GB,4G,DarkGrey",1.479
413,"TelefonmobilKarbonnQuattroL50,DualSIM,16GB,4G,Grey",689
414,"TelefonmobilHuaweiNexus6P,32GB,4G,Aluminium",2.679
415,"TelefonmobilAllviewM9Luna,DualSim,Black",199
416,"TelefonmobilASUSZenFone3ZE520KL,DualSim,32GB,4G,MoonlightWhite",1.499
417,"TelefonmobilSonyXperiaXZ,32GB,4G,Blue",2.999
418,"TelefonmobilSonyXperiaXZ,32GB,4G,Silver",2.999
419,"TelefonmobilBLUStudioOne,DualSim,16GB,4G,White",639
420,"TelefonmobilAllviewE3Jump,16GB,4G,Grey",999
421,"TelefonmobilHuaweiY6IICompact,DualSIM,16GB,4G,Gold",699
422,"TelefonmobilSamsungGalaxyJ5(2016),DualSim,16GB,4G,White",899
423,"TelefonmobilHuaweiG7,16GB,4G,Silver",1.189
424,"TelefonmobilAppleiPhone6S,16GB,Gold",2.949
425,"TelefonmobilAllviewV1Viperi4G,DualSIM,4G,8GB,Black",499
426,"TelefonMobilCUBOTDinosaur,DualSIM,4G,5.5""HDIPS2.5D,4Core1.3GHz,3GB+16GB,13MPx,4150mah,Android6.0,Negru+BONUS:HusaSiliconsiFolieProtectie",891
427,"TelefonmobilASUSZenFone3DeluxeZS570KL,DualSim,64GB,4G,GlacierSilver",3.014
428,"TelefonmobilVoninoVoltS,DualSIM,8GB,DarkBlue",349
429,"TelefonmobilBlubooXTOUCH,DualSim,32GB,4G,Deepblue",1.636
430,"TelefonmobilSonyXperiaXCompact,32GB,4G,Black",2.022
431,"TelefonmobilSamsungGalaxyJ5(2016)DualSim,16GB,4G,Auriu",929
432,"TelefonmobilBlackBerryZ30,Black",1.189
433,"TelefonmobilHTC10,32GB,4G,Gold",2.999
434,"TelefonmobilHTC10,32GB,4G,GlacierSilver",2.649
435,ONEPLUS3TDualSim64GBLTE4GAuriu6GBRAMA3010,2.599
436,"SmartphoneDualSimZTEBladeL5,5"",8MP,1GBRAM,8GB,Dual-Core,3G,White",385
437,"TelefonDualSimLandRoverAlpsX6,ip68,statieemisie-receptiePTT,negru",1.000
438,"TelefonmobilXiaomiRedmiNote3Pro,SpecialEdition,DualSim,32GB,4G,Auriu",1.088
439,"TelefonmobilUlefoneTiger,4G,DualSIM,Quad-Core,2GBRAM,16GB,Android6.0,4200mAh,Negru",799
440,"TelefonmobilLeagooZ1DualSim,GalaxyWhite",349
441,"TelefonmobilMicrosoftLumia640,Black",699
442,"TeslaSmartphone6.2,DualSim,32GB,4G,Grey",1.160
443,"TelefonmobilAllviewP6Lite,DualSIM,8GB,Brown",449
444,"TelefonmobilHuaweiMate8,DualSim,32GB,4G,SpaceGrey",2.910
445,"TelefonmobilMicrosoftLumia640XL,DualSim,8GB,White",734
446,"TelefonmobilZOPOColor-F24G,DualSIM,Quad-Core,1GBRAM,16GBROM,5.5"",senzorAMPRENTA,negru",544
447,"TelefonmobilLenovoVibeP1Pro,DualSIM,32GB,4G,Gold",1.562
448,"TelefonmobilLenovoVibeP1Pro,DualSIM,32GB,4G,Gray",1.562
449,"TelefonmobilHuaweiP8,16GB,4G,Grey",1.479
450,"TelefonmobilHuaweiP8,16GB,4G,ChampagneGold",1.479
451,"TelefonmobilAppleiPhone6S,64GB,Gold",3.700
452,"TelefonmobilLGG5,32GB,4G,Gold",2.928
453,"TelefonmobilBLULifeMark,DualSim,16GB,4G,White",639
454,"TelefonmobilASUSZenFone3ZE552KL,DualSim,64GB,4G,MoonlightWhite",1.799
455,"TelefonmobilXiaomiMi5,DualSIM,4G,Snapdragon820,5.15-inchFHD,64GB,3GBRAM,16MP,Android6.0,White",1.549
456,"TelefonmobilLeagooAlfa5,DualSim,Gold",449
457,"TelefonmobilASUSZenfone2,DualSim,128GB,Argintiu",1.992
458,"TelefonmobilOnePlus2,A2005,DualSim,64GB,4G,Negru",1.679
459,"TelefonmobilOukitelU15Pro,DualSIM,4G,Octa-Core,3GBRAM,32GB,Android6.0,Negru(includeHusasiliconsiFolieprotectie)",1.099
460,"TelefonmobilHonor5X,DualSim,16GB,4G,Gold",1.059
461,"TelefonmobilBlackberryDTEK60,32GB,4G,Black",2.699
462,"TelefonmobilSonyXPerformance,DualSIM,64GB,4G,LimeGold",2.301
463,"TelefonmobilLeagooLead3,DualSim,Alb",359
464,"TelefonmobilHuaweiMate7,16GB,4G,Black",2.099
465,"TelefonmobilXiaomiMiMax,DualSim,32GB,4G,Gold",1.379
466,"TelefonmobilMicrosoftLumia640,DualSim,8GB,White",492
467,"TelefonmobilMicrosoftLumia640,DualSim,8GB,Black",565
468,"TelefonmobilHonor7Lite,DualSim,16Gb,4G,Silver",869
469,"TelefonmobilHonor7Lite,DualSim,16Gb,4G,Gold",899
470,"TelefonmobilHonor7Lite,DualSim,16Gb,4G,Grey",899
471,"TelefonmobilEvolioRanger,Yellow/Black",219
472,"TelefonmobilAppleiPhoneSE,16GB,4G,SpaceGray",2.099
473,"TelefonmobilHTCOneM9,32GB,4G,Gold",1.999
474,"TelefonmobilMicrosoftLumia640,8GB,4G,Black",499
475,"TelefonmobilLeEcoLe2(LeTv),DualSIM,4G,5.5-inchFHD,Deca-CoreHelioX20,3GBRAM,32GB,16MP,Android6.0,USBType-C,Gold",1.375
476,"TelefonmobilHuaweiY6II,DualSIM,16GB,4G,Black",749
477,"TelefonmobilHuaweiY6II,DualSIM,16GB,4G,White",749
478,"TelefonmobilSamsungGalaxyJ1Mini,DualSim,8GB,White",449
479,"TelefonmobilSamsungN920GalaxyNote5,DualSim,32GB,4G,Gold",3.100
480,"TelefonmobilMyPhoneHalo2,White",168
481,"TelefonmobilHuaweiP9,DualSim,32GB,4G,PrestigeGold",2.299
482,"TelefonmobilElephoneS7,DualSIM,4G+,Deca-CoreX20,4GBRAM,64GB,Android6.0,Blue(includeHusaSilicon)",1.599
483,"TelefonmobilVerneeApolloLite,DualSIM,4G,Deca-CoreHelioX20,4GBRAM,32GB,16MP,Android6.0,Black",1.486
484,"TelefonmobilSamsungGalaxyJ1Mini,DualSim,8GB,Black",429
485,"TelefonmobilLGG5,32GB,4G,Titan",3.299
486,"TelefonmobilSamsungGALAXYS6,DualSim,32GB,4G,Gold",2.399
487,"TelefonmobilSamsungGalaxyA7(2016),DualSim,16GB,4G,White",1.796
488,"TelefonmobilLenovoP90,32GB,4G,Black",969
489,"TelefonmobilMotorolaXT1572MotoXStyle,32GB,4G,Black",1.899
490,"TelefonmobilAppleiPhone6S,16GB,SpaceGray",3.055
491,"TelefonmobilAppleiPhone6s,32GB,Gold",3.003
492,"TelefonmobilAppleiPhone6S,16GB,RoseGold",3.029
493,"TelefonmobilAppleiPhone6s,32GB,Silver",3.003
494,"TelefonmobilSonyXperiaZ3+,DualSim,32GB,4G,AquaGreen",1.599
495,"TelefonmobilAppleiPhone7Plus,256GB,Silver",6.430
496,"TelefonmobilAppleiPhone7Plus,256GB,RoseGold",5.731
497,"TelefonmobilAppleiPhone7Plus,128GB,Black",4.658
498,"TelefonMobilUlefoneU007PRO,DualSIM,4G,5""HD,Quad-Core,8GB,13MPx,Android6.0,Gri+BONUS:HusaSilicon,FolieProtectiesiCasti",579
499,"XiaomiRedmi4A,2GBRAM,16GBROM,13MP,Snapdragon,DualSIM,Gold",649
500,"TelefonmobilLenovoMotoXForce,32GB,4G,Black",2.300
501,"TelefonmobilSamsungGalaxyC7,C7000,DualSim,64GB,4G,Argintiu",2.199
502,"TelefonmobilKarbonnK9Smart,DualSIM,8GB,WhiteGold",349
503,"TelefonmobilMotorolaMotoZPlay,DualSim,32GB,4G,Negru",2.222
504,"TelefonmobilALCATELONETOUCH1016,DualSim,VolcanoBlack",99
505,"TelefonmobilSamsungGalaxyJ5Prime,DualSim,16GB,4G,Black",1.099
506,"TelefonMobilVivaxSmartFLY3LTERoseGold,DualSim,5"",Quad-CoreCortex-A53,16GB,4G,RoseGold",945
507,"TelefonMobilReederP10C,SmartPhoneDualSIM,4G,5"",1G/16GB,8MP+5MP",792
508,"TelefonmobilAsusZenfone3ZE520KL,DualSim,64GB,4G,Albastru",1.654
509,"TelefonmobilXiaomiRedmi4A,DualSim,16GB,4G,Auriu",656
510,"TelefonmobilSamsungJ2DualSim,8GB,3G,Alb",669
511,"TelefonmobilAsusZenfone3UltraZU680KL,DualSim,64GB,4G,Gri",3.058
512,"TelefonmobilXiaomiMi4sDualSim,64GB,4G,Gold",1.235
513,"TelefonmobilSamsungGalaxyJ7(2016),J710FD,DualSim,16GB,4G,Negru",1.197
514,"TelefonmobilSamsungGalaxyGrandPrimePlusG532,DualSim,8GB,4G,Black",671
515,"TelefonmobilSamsungGalaxyA3(2016),DualSim,16GB,4G,White",1.161
516,"TelefonmobilBlackviewA8,DualSIM,Quad-Core,5-inchHD,8GB,8MP,White,Android5.1(includehusasilicon)",550
517,"TelefonmobilSamsungGalaxyS7,32GB,4G,PinkGold",2.855
518,"TelefonmobilHTCOneM9Plus,32GB,4G,Silver",2.499
519,"TelefonmobilSonyXperiaX,32GB,4G,White",1.940
520,"TelefonmobilSamsungGalaxyJ7(2016),DualSim,16GB,4G,Black",1.436
521,"TelefonmobilXiaomiRedmi3S,DualSIM,16GB,4G,Gold",781
522,"TelefonmobilHuaweiP8,DualSim,64GB,4G,Gold",2.099
523,"TelefonmobilMicrosoftLumia640XL,DualSim,8GB,Black",734
524,"TelefonmobilLGZeroH650,16GB,Blue",1.279
525,"TelefonmobilSamsungGalaxyS7,32GB,4G,Silver+BoxaportabilaSamsungLevelBoxSlim,Black",2.899
526,"TelefonmobilAppleiPhone6SPlus,64GB,Gold",4.179
527,"TelefonmobilAppleiPhone6SPlus,64GB,Silver",4.179
528,"TelefonmobilAppleiPhone6SPlus,64GB,RoseGold",4.179
529,"TelefonMobilCUBOTRainbow,DualSIM,5""HDIPS,Quad-Core,16GB,13MPx,LEDNotificare,Android6.0,Rosu+BONUS:HusaSilicon,FoliePlasticsiromanulTentoria",494
530,"TelefonmobilAppleiPhone6SPlus,16GB,Silver",3.379
531,"TelefonmobilAppleiPhone6SPlus,128GB,RoseGold",4.479
532,"TelefonmobilAppleiPhone6SPlus,16GB,RoseGold",3.379
533,"TelefonmobilBlackBerryQ5,Red",899
534,"TelefonmobilAppleiPhone6SPlus,128GB,Silver",4.479
535,"TelefonmobilAppleiPhone6sPlus,32GB,Silver",3.679
536,"TelefonmobilAppleiPhone6sPlus,32GB,RoseGold",3.918
537,"TelefonmobilSamsungGalaxyJ1(2016),8GB,4G,Gold",803
538,"TelefonmobilMicrosoftLumia650,16GB,4G,WhiteLightSilver",635
539,"TelefonmobilMyphoneHammer,DualSim,Orange",262
540,"TelefonmobilAllviewP6eMagic,DualSIM,16GB,Brown",449
541,"TelefonmobilSamsungGalaxyA9,DualSim,32GB,4G,Gold",1.879
542,"TelefonmobilSamsungGALAXYS6,32GB,4G,Blue",2.279
543,"TelefonmobilSamsungGALAXYS6,32GB,4G,Gold",2.229
544,"TelefonmobilAppleiPhoneSE,64GB,4G,Silver",2.699
545,"TelefonMobilKMAXONE,DualSIM,5"",16GB,4G,13MP+13MP,Octa-CoreA53,3000mAh,SenzorAmprenta+cover",990
546,"TelefonmobilHuaweiY635,DualSim,White",449
547,"TelefonmobilSonyXperiaE4,Black",599
548,"TelefonmobilBlackBerryQ5,8GB,4G,Roz",499
549,"TelefonmobilAppleiPhone6SPlus,64GB,SpaceGray",4.343
550,"TelefonmobilSamsungGalaxyA5(2016),16GB,4G,Black",1.692
551,"TelefonmobilZTEAxon7Mini,DualSim,32GB,4G,PlatinumGrey",1.443
552,"TelefonmobilHTCDesire626G+,DualSIM,8GB,White",617
553,"TelefonmobilHTCDesire630,DualSim,16GB,SprinkleWhite",949
554,"TelefonDualSIMNO.1A9,LCD2.4inch,AntiSocsiRezistentlaApa(IP67),LanternasiVibratii,redareMP3siMP4,FMRadio,GPRS,BT2.1,MMS,BaterieLitiu4800mAh,FunctiePowerBank,Portocaliu/Negru",395
555,"TelefonmobilNokia105New2015,Cyan",108
556,"TelefonmobilASUSZenFone2DeluxeSpecialEdition,DualSim,256GB,4G,Silver",2.760
557,"TelefonmobilASUSZenFoneGoZC500TG,DualSim,8GB,Black",634
558,"TelefonmobilMyPhoneS-Line,DualSIM,Black",689
559,"TelefonmobilLenovoMotoZPlay,DualSim, 32GB,4G,Black",2.579
560,"TelefonmobilBlubooDual,4G,DualSIM,Quad-Core,16GB,Android6.0,Black",1.199
561,"TelefonmobilLGV10,H960A,32GB,4G,NegruPiele",3.169
562,"TelefonmobilMicrosoftLumia950XL,32GB,4G,Negru",1.764
563,"TelefonmobilSamsungGalaxyA7(2016),A7100,DualSim,16GB,4G,White",1.599
564,"TelefonmobilSonyXperiaXA,DualSim,16GB,4G,White",1.349
565,"TelefonmobilMann5S,4G,DualSIM,Quad-Core,3GBRAM,32GB,NFC,Android5.1,4050mAh,Negru",1.636
566,"TelefonrezistentEVOLVEOStrongPhoneQ84G,impermeabilIP68,Negru/Galben,DualSIM,OctaCore1.7GHz,2GBRAM,memorie16GB,displayIPSHDGorillaGlass4.5"",camera13MpblitzLED,WiFiHotSpot,baterie3.700mAh,Android4.4.4,incarcatorautoinclus",1.599
567,"TelefonmobilSamsungGalaxyC5,C5000,DualSim,64GB,4G,Gri",1.599
568,"TelefonmobilOukitelK7000,DualSIM,4G,Quad-Core,16GB,SenzorAmprenta,Android6.0,Alb",799
569,TelefonmobilSamsungG388GalaxyXcover3DarkSilver,849
570,MEIZUM5NoteDualSim16GBLTE4GAlb3GBRAMM621Q,869
571,TelefonmobilRugGearRG500NFC,1.865
572,TelefonmobilMicrosoftLumia540DualSimBlack,593
573,"TelefonmobilLenovoA889,DualSim,8GB,Alb",539
574,"TelefonmobilHuaweiP8DualSim,16GB,4G,Negru",1.411
575,"TelefonmobilLeagooLead5,DualSim,Negru",499
576,"TelefonMobilENERGYPHONEPRO,Smartphone3G,ProcesorCoreOcta,FullHD,Negru",1.050
577,"TelefonmobilSonyXperiaXA,DualSim,16GB,4G,GraphiteBlack",1.299
578,"TelefonmobilSamsungGALAXYS6Edge,32GB,4G,White",2.963
579,"TelefonmobilSamsungGalaxyA8,A8000,DualSim,16GB,4G,Negru",1.436
580,"TelefonmobilMicrosoftLumia640,DualSim,4G,8GB,Black",696
581,TelefonMobilXIAOMIREDMINOTE416GBROM2GBRAMMTK67972.1GHzDecaCore5.5InchFHDScreenAndroid6.04GLTE,899
582,"TelefonmobilHuaweiY6Pro,DualSim,16GB,4G,White",799
583,"TelefonmobilMicrosoftLumia640XL,DualSim,8GB,Orange",734
584,"TelefonmobilUMIMAX,4G,DualSIM,Octa-core,3GBRAM,16GB,13MP,Android6.0",1.239
585,"TelefonmobilSamsungGalaxyS7Edge,32GB,4G,PinkGold+BoxaportabilaSamsungLevelBoxSlim,Red",3.699
586,"TelefonmobilSamsungN920GalaxyNote532GB,4G,Black",3.300
587,"TelefonmobilHonor7,DualSim,16Gb,4G,MisteryGrey",1.599
588,"TelefonmobilHonor7,DualSim,16Gb,4G,FantasySilver",1.549
589,"TelefonmobilHTCDesire510,4G,8GB,Grey",579
590,"TelefonmobilHTCDesire620G,DualSim,8GB,GreyOrange",629
591,"TelefonmobilAlcatelIdol4,DualSim,16GB,4G,Gold",1.547
592,"TelefonmobilEvolioM4ONE,4.5""IPS,QuadCore,8GB,darkgray",479
593,"TelefonmobilLGGFlex2,16GB,4G,TitanSilver",1.199
594,"TelefonmobilLGG4,32GB,4G,LeatherBrown",1.769
595,"TelefonmobilSamsungGALAXYS6,64GB,4G,Black",2.349
596,"TelefonmobilSamsungGALAXYS6,128GB,4G,White",3.168
597,"TelefonmobilSamsungGALAXYS6,128GB,4G,Blue",3.587
598,"TelefonmobilSamsungGALAXYS6,64GB,Blue",3.351
599,"TelefonmobilSamsungGALAXYS6,32GB,4G,White",2.249
600,"TelefonmobilLGG4,32GB,4G,LeatherBlack",1.769
601,"TelefonmobilSonyXperiaZ5,DualSim,32GB,4G,Black",2.676
602,"TelefonDualSIMNO.1A9,LCD2.4inch,AntiSocsiRezistentlaApa(IP67),LanternasiVibratii,redareMP3siMP4,FMRadio,GPRS,BT2.1,MMS,BaterieLitiu4800mAh,FunctiePowerBank,Negru",395
603,"TelefonmobilSamsungGALAXYS7,32GB,4G,Black+BoxaportabilaSamsungLevelBoxSlim,Black",2.899
604,"TelefonmobiliHuntX200,4G,DualSIM,Quad-Core,16GB,13MP,Android5.1,3500mAh,Negru",875
605,"TelefonmobilElephoneP9000Lite,DualSIM,4G,senzorimagineOV13850,4GB/32GB,Android,USBType-C,Negru,husasilicon",1.299
606,"TelefonmobilBlackBerryPriv,32GB,4G,Black",2.421
607,"TelefonmobilHTCOneM8,16GB,4G,AmberGold",1.645
608,"TelefonmobilAllviewE4,DualSIM,16GB,Black",969
609,"TelefonmobilSonyXperiaZ3+,DualSim,32GB,4G,Black",1.699
610,"TelefonmobilMicrosoftLumia640XL,8GB,4G,White",699
611,"TelefonmobilLGK7X210,8GB,Black",775
612,"TelefonmobilKarbonnK22,DualSIM,Black",149
613,"TelefonmobilSamsungI9300iGALAXYS3Neo,DualSIM,16GB,White",1.012
614,"TelefonmobilBlackBerryPassport,32GB,4G,Black",1.684
615,"TelefonmobilSonyXperiaZ5,DualSim,32GB,4G,White",2.676
616,"TelefonmobilSonyXperiaZ5,DualSim,32GB,4G,Gold",2.379
617,"TelefonmobilAcerLiquidZ330,DualSim,8GB,4G,White",486
618,"TelefonmobilAlcatelONETOUCHIdolAlpha,16GB,Slate",1.199
619,"TelefonmobilKarbonnK9Spy,DualSIM,BlackRed",127
620,"TelefonmobilAllviewP5eMagic,DualSIM,8GB,Blue",369
621,"TelefonmobilUTOKDorel2,DualSIM,Black",307
622,"TelefonmobilSamsungGALAXYS7Edge,DualSim,32GB,4G,Gold",2.999
623,"TelefonmobilLGG4Beat,DualSim,8GB,4G,Gold",991
624,"TelefonmobilUTOKExplorer4,DualSIM,Black",991
625,"TelefonmobilLenovoA7010Lite,DualSIM,16GB,4G,White",1.462
626,"TelefonmobilVoninoZunX,DualSIM,16GB,4G,Black",449
627,"TelefonmobilAlcatel2045,Black",229
628,"TelefonmobilHuaweiY6Pro,DualSim,16GB,4G,Grey",717
629,"TelefonmobilSamsungGalaxyJ3,8GB,4G,White",799
630,"TelefonmobilLeagooZ1DualSim,ChampagneGold",349
631,"TelefonmobilSamsungGalaxyGrandPrimePlusG532,DualSim,8GB,4G,Gold",800
632,"TelefonmobilSamsungGALAXYS7,DualSim,32GB,4G,Black",2.974
633,"TelefonmobilNokia222,White",179
634,"TelefonmobilAlcatelPopStar,DualSim,8GB,Black",589
635,"TelefonmobilLenovoK5Plus,DualSIM,16GB,4G,DarkGray",899
636,"TelefonmobilLGG4C,8GB,4G,Silver",799
637,"TelefonmobilLGSpiritH440N,8GB,4G,BlackTitan",809
638,"TelefonmobilHTCOneE9Plus,DualSim,32GB,4G,Gold",1.499
639,"TelefonmobilSonyXPerformance,DualSIM,64GB,4G,White",2.301
640,"TelefonmobilHTCDesire510,4G,8GB,White",579
641,"TelefonmobilSamsungGalaxyJ1(2016),8GB,4G,White",803
642,"TelefonmobilNokia130,Red",119
643,"TelefonMobilCUBOTRainbow,DualSIM,5""HDIPS,Quad-Core,16GB,13MPx,LEDNotificare,Android6.0,Auriu+BONUS:HusaSiliconsiFolieSticla9H",594
644,"TelefonmobilSamsungGalaxyJ1MiniPrime,J106H,DualSim,8GB,3G,Alb",480
645,"TelefonmobilHTCOneM9,32GB,4G,MetalGrey",1.979
646,"TelefonmobilHTCOneA9,16GB,4G,CarbonGrey",1.579
647,"TelefonmobilBLUStudioOne,DualSim,16GB,4G,Grey",639
648,"TelefonmobilSamsungGalaxyJ3,DualSim,8GB,4G,Gold",729
649,"TelefonmobilSonyXperiaE5,16GB,4G,White",829
650,"TelefonmobilSamsungGalaxyJ5(2016)J510F,16GB,4G,Black",949
651,"TelefonmobilXiaomiRedmiNote3Pro,DualSIM,4G,16GB,Black",861
652,"TelefonmobilSonyZ5Premium,DualSIM,32GB,4G,Chrome",2.367
653,"TelefonmobilSonyZ5Premium,DualSIM,32GB,4G,Black",2.364
654,"TelefonmobilNokia222,DualSIM,White",179
655,"TelefonmobilSonyXperiaZ3+,DualSim,32GB,4G,White",1.599
656,"TelefonmobilAllviewV2ViperE,DualSIM,8GB,Black",349
657,"TelefonmobilNokia216,DualSim,Grey",179
658,"TelefonMobilHomtomHT17Pro4GLTEMTK6737Android6.016GB,2gbram,Smartphone5.5inch13MP",850
659,"TelefonmobilMicrosoftLumia550,8GB,4G,Black",424
660,"TelefonmobilGigabyteGSmartAktaA4,DualSIM,8GB,DarkBlue",699
661,"TelefonmobilMicrosoft535Lumia,DualSIM,White",636
662,"TelefonmobilMicrosoftLumia950,DualSim,32GB,4G,White",1.699
663,"TelefonmobilZTEAxon7Mini,DualSim,32GB,4G,Gold",1.443
664,"TelefonmobilElephoneS3BlackDualSIM,4G,OctaCore,2GBRAM,16GB",999
665,"TelefonmobilHonor4C,DualSim,8GB,Black",792
666,"TelefonmobilHonor4C,DualSim,8GB,White",792
667,"TelefonmobilSonyXperiaXA,16GB,4G,White",1.268
668,"TelefonmobilHomTomHT16DualSim,8GB,White",450
669,"TelefonmobilNokia215,DualSIM,White",215
670,"TelefonmobilSonyXperiaZ5,32GB,4G,Black",2.479
671,"TelefonmobilSamsungGalaxyA9,DualSim,32GB,4G,Pink",2.299
672,"TelefonmobilOneplusThree,DualSim,64GB,4G,Gold",2.440
673,"TelefonmobilHTCOneA9,16GB,4G,OpalSilver",1.579
674,"TelefonmobilAllviewM9Join,DualSim,Black",210
675,"TelefonmobilHuaweiY5,8GB,4G,Black",449
676,"TelefonmobilAllviewP8EnergyMini,DualSIM,16GB,White",649
677,"TelefonmobilMicrosoftLumia550,8GB,4G,White",424
678,"TelefonmobilMicrosoftLumia950,32GB,4G,White",1.545
679,"TelefonmobilDual-SimAllviewP6Quad,Negru",479
680,"TelefonmobilAllviewX3SoulPlus,DualSIM,32GB,4G,Gold",1.399
681,"TelefonmobilBlackBerryPassportDallas,32GB,4G,SilverEdition",2.599
682,"TelefonmobilHTCOneA9,16GB,4G,TopazGold",1.579
683,"TelefonmobilHTCDesire626G+,DualSIM,8GB,Blue",617
684,"TelefonMobilUlefonePOWERDualSIM,4G,5.5""FHD,Octa-Core,3GB+16GB,6050mAh,TouchID,Android6.0,Maro/Lemn",999
685,"TelefonmobilHTCDesire620G,DualSim,8GB,WhiteBlue",599
686,"TelefonmobilHomTomHT20,4G,DualSIM,16GB,Android6.0,SenzorAmprenta,Alb",995
687,"TelefonmobilSamsungGalaxyS5Mini4G,16GB,ElectricBlue",1.099
688,TelefonmobilRugGearRG310,1.483
689,"TelefonmobilSTKSync5c,DualSIM,8GB,White",479
690,"TelefonmobilHuaweiAscendP6,Black",811
691,"TelefonmobilHomTomHT16DualSim,8GB,Black",450
692,"TelefonmobilSonyXPerformance,DualSIM,64GB,4G,GraphiteBlack",2.999
693,"TelefonmobilXiaomiRedmiNote3Pro32GB5,5inches1.8GHzHexa-core3GBGrey",999
694,"TelefonmobilLenovoA2010,DualSIM,8GB,4G,Black",399
695,"TelefonmobilSamsungGALAXYS7,DualSim,32GB,4G,Gold",2.799
696,"TelefonmobilSamsungGALAXYS7,DualSim,32GB,4G,Silver",2.799
697,"TelefonmobilSamsungGalaxyA9,DualSim,32GB,4G,White",2.179
698,"TelefonmobilSonyXperiaCC2305,DualSIM,Black",1.043
699,"TelefonmobilAllviewV2Viper,DualSIM,16GB,4G,White",549
700,"TelefonmobilAllviewX2SoulPro,DualSim,16GB,4G,Black",1.199
701,"TelefonmobilAllviewP8Life,DualSim,16GB,4G,Grey",599
702,"TelefonmobilSamsungGalaxyS7,32GB,4G,PinkGold+BoxaportabilaSamsungLevelBoxSlim,Blue",2.899
703,"TelefonmobilOukitelU20Plus,DualSIM,4G,Quad-Core,16GB,13MP,Android6.0,3300mAh,Gold",1.250
704,"TelefonmobilXiaomiRedmiNote3,DualSIM,4G,16GB,Negru",1.049
705,"TelefonmobilEvolioNeos,DualSIM,8GB,Black",479
706,"TelefonmobilSamsungGalaxyJ2J200H,DualSim,8GB,Negru",728
707,"TelefonmobilLGJoyH220,Blue",346
708,"TelefonmobilPhilipsS309,DualSim,8GB,Red",299
709,"TelefonmobilNokiaX,DualSIM,Green",399
710,"TelefonmobilLeagooLead7,DualSim,Negru,4500mAhLithiuPolymer",649
711,"TelefonmobilMicrosoftLumia640XL,8GB,White",728
712,"TelefonmobilSonyXperiaZ5,32GB,4G,Gold",2.479
713,"SmartphoneEvolioS5,DualSIM,5""IPS,QuadCore,negru",399
714,"TelefonmobilXiaomiRedmiNote3PRO,32GB,DualSIM,4G,Hexa-CoreSnapdragon650,16MP,Negru",1.199
715,"TelefonmobilCATB30,Black",379
716,"TelefonMobilUMiLondon5.0""HD1.3GHzQuadCoreMTK65801GB+8GB8MPDualSIM2050mAhnegru",421
717,"TelefonmobiliHuntx20,DualSIM,8GB,8MP,Android6.0,Negru",899
718,"TelefonmobilPhonemaxMars,3G,DualSIM,Quad-Core,8GB,LedNotificare,Android6.0,Negru",399
719,"TelefonmobilAlcatelPop4S,16GB,4G,Black",1.078
720,"TelefonmobilZTEAxon7,DualSim,64GB,4G,Gold",2.189
721,"TelefonmobilLeagooLead1,DualSim,Negru",569
722,"TelefonmobilVerneeMars,DualSIM,4G,Octa-CoreHelioP10,4GBRAM,32GB,13MP,Android7.0,Gold",1.750
723,"TelefonmobilSamsungGalaxyS5Mini4G,16GB,White",1.099
724,"TelefonmobilSamsungGalaxyA7,DualSim,16GB,4G,White",2.279
725,"TelefonmobilMicrosoftLumia950,32GB,4G,Black",1.400
726,"TelefonmobilSonyXperiaZ3,16GB,4G,Black",2.085
727,"TelefonmobilBlackBerryLeap,16GB,4G,ShadowGrey-Leap16GBLTEGrey",999
728,"TelefonmobilEvolioM6,DualSIM,8GB,Blue",489
729,"TelefonmobilALCATELONETOUCHGoPlay,8GB,4G,WhiteLime",949
730,"TelefonmobilSTKStorm2EPlus,DualSim,8GB,Black",259
731,"TelefonmobilCATS30,DualSim,8GB,4G,Black",1.239
732,"TelefonmobilPhilipsS326,DualSim,8GB,4G,Grey",505
733,"TelefonmobilBlackberryQ20Classic4G,16GB,Black",1.972
734,"TelefonmobilAlcatel2008G,Black/White",169
735,"TelefonmobilAlcatel1052G,Black",100
736,"TelefonmobilSamsungGalaxyJ7Prime,G610FD,DualSim,32GB,4G,Alb-Auriu",1.549
737,"TelefonmobilSamsungGalaxyA8,A8000,DualSim,32GB,4G,Alb",1.666
738,"TelefonmobilDiscoveryV20,3G,DualSIM,8GB,8MP,Android6.0,Negru",890
739,"TelefonMobilCUBOTNoteS,DualSIM,5.5""HDIPS,16GB,8Mpx,4150mAh,Auriu,Android6.0+BONUS:HusaSiliconsiFolieSticla9H",899
740,"TelefonmobilSamsungGalaxyC5,C5000,DualSim,32GB,4G,Auriu",1.549
741,"TelefonmobilAllviewX2SoulStyle,DualSIM,16GB,4G,Gold",799
742,"TelefonmobilNokiaX,DualSIM,Black",399
743,"TelefonmobilHomTomHT17,4G,DualSIM,5.5-inchHD,8GB,Fingerprint,Android6.0,3000mAh,DarkBlue(includeFoliesiHusaSilicon)",625
744,"TelefonmobilHomTomHT16DualSim,8GB,Blue",450
745,"TelefonmobilAllviewV2ViperE,DualSIM,8GB,White",349
746,"TelefonmobilAllviewV1Viperi4G,DualSIM,4G,8GB,White",499
747,"TelefonmobilSamsungGalaxyA7(2017),32GB,4G,DualSim,Black",2.299
748,"TelefonmobilLeagooAlfa5,DualSim,Alb",449
749,"TelefonmobilLeagooLead1,DualSim,Alb",569
750,"TelefonmobilLeagooLead2,DualSim,Alb",549
751,"TelefonmobilXiaoCaiX6,DualSIM,5000mAh,Portocaliu",299
752,"TelefonmobilXiaomiRedmi3S,DualSIM,32GB,4G,Gold",860
753,"TelefonmobilALCATELONETOUCHGoPlay,8GB,4G,BlackRed",1.009
754,"TelefonmobilSamsungGalaxyMega2G7508Q,DualSim,8GB,4G,Maro",1.004
755,"TelefonmobilHuaweiHonor5XDualSim,16GB,4G,Auriu",1.077
756,"TelefonmobilMicrosoftLumia650,DualSim,16GB,4G,WhiteLightSilver",699
757,"TelefonmobilLeagooLead5,DualSim,Alb",499
758,"TelefonmobilAllviewP8Life,DualSim,16GB,4G,DarkGold",599
759,"TelefonmobilLGK10,16GB,4G,White",869
760,"TelefonmobilLGK10,16GB,4G,Indigo",869
761,"TelefonmobilBlackberryQ20Classic4G,16GB,White",1.710
762,"TelefonmobilLGK10,16GB,4G,Black",878
763,"TelefonmobilKarbonnK-flip,DualSIM,Gold",149
764,"TelefonmobilBlackviewE7s,DualSIM,Quad-Core,2GBRAM,16GB,SenzorAmprenta,Android6.0,White",675
765,"TelefonmobilSamsungGalaxyA8(2016),DualSim,32GB,4G,Silver",2.999
766,"TelefonmobilSamsungGalaxyGrandPrimePlusG532,DualSim,8GB,4G,Silver",830
767,"TelefonmobilHTCDesire820GPlus,DualSim,16GB,3G,Gri/AlbMarble",756
768,"TelefonmobilVerneeApolloLite,DualSIM,4G,Deca-CoreHelioX20,4GBRAM,32GB,16MP,Android6.0,Silver",1.699
769,"TelefonmobilOukitelU15s,DualSIM,4G,Octa-Core,4GBRAM,32GB,Android6.0,Gray(includeHusasiliconsiFolieprotectie)",1.449
770,"TelefonmobilrezistentEVOLVEOStrongphoneX23G,impermeabilIP68,DualSim,ecrancolor2"",baterie2.000mAh,camerafoto1.3Mpx,hotspotWiFi,bluetooth,radioFM,lanterna,microSDHC",349
771,"TelefonmobilBlackviewBV5000,DualSIM,4G,Quad-Core,2GBRAM,16GB,5000mAh,Android6.0,Negru",1.099
772,"TelefonmobilLGK8,8GB,4G,Indigo",699
773,"TelefonmobilSonyXperiaE5,16GB,4G,Black",849
774,"TelefonmobilSamsungGalaxyA7(2016),A7100,DualSim,16GB,4G,Pink",1.452
775,"TelefonmobilYezzAndyA4EI,DualSIM,Black",316
776,"TelefonmobilAlcatelPixi4,DualSim,8GB,MetallicSilver",604
777,TelefonMobilSamsungE1207DualSimBlack,169
778,"TelefonmobilUMIDiamondX,4G,DualSIM,Quad-Core,2GBRAM,16GB,13MP,Android6.0,Black",725
779,"TeslaSmartphone6.2,DualSim,32GB,4G,Silver",1.160
780,"TelefonmobilUMIDiamond,4G,DualSIM,Octa-Core,3GBRAM,16GB,13MP,Android6.0,JetBlack",925
781,"TelefonmobilNokia105,DualSIM,Negru",129
782,"TelefonMobilBlubooMINIDualSIM,KIT,3G,4.5""qHDIPS,QuadCore1.3GHz,1GB+8GB,8MPx,Android6.0,Albastru+BONUS:FolieProtectiesiCasti",346
783,"TelefonmobilXiaoCaiX6,DualSIM,5000mAh,Negru",500
784,"TelefonmobiliHuntPatriotx33,IP68,DualSIM,32GB,Android6.0,Verde",1.499
785,"TelefonmobilSamsungGalaxyJ1MiniPrime,J106H,DualSim,8GB,3G,Negru",449
786,"TelefonmobilSonyXperiaZ3,DualSim,16GB,4G,Black",1.799
787,"TelefonmobilSonyXperiaZ3,DualSim,16GB,4G,White",1.799
788,"TelefonmobilSonyXperiaZ3,DualSim,16GB,4G,Copper",1.799
789,"TelefonmobilSonyXperiaXA,16GB,4G,RoseGold",1.046
790,"TelefonmobilBLUStudioX8,DualSim,White",299
791,"TelefonmobilBlackBerryLeap,16GB,4G,White",957
792,"TelefonmobilMicrosoftLumia950XL,32GB,4G,White",1.999
793,"TelefonmobilMicrosoftLumia950XL,32GB,4G,Alb",1.764
794,"TelefonmobilHomTomHT16,3G,DualSIM,Quad-Core,8GB,Android6.0,3000mAh,White",450
795,"TelefonmobilLenovoVibeA,DualSIM,Black",595
796,"TelefonmobilAllviewA5Ready,8GB,DualSIM,Negru",269
797,"TelefonmobilBlubooMini,3G,DualSIM,Quad-Core,8GB,Android6.0,Blue",346
798,"TelefonmobiliHuntS10,4G,DualSIM,Quad-Core,2GBRAM,16GB,Android6.0,5000mAh,Negru",1.275
799,"TelefonmobiliHuntS10,4G,DualSIM,Quad-Core,2GBRAM,16GB,Android6.0,5000mAh,Orange",1.275
800,"TelefonmobilBlackviewP2,4G,DualSIM,Octa-Core,4GBRAM,64GB,Android6.0,6000mAh,Blue",1.499
801,"TelefonmobilBlackviewE7s,DualSIM,Quad-Core,2GBRAM,16GB,SenzorAmprenta,Android6.0,SkyBlue",675
802,"TelefonmobilBlackviewP2,4G,DualSIM,Octa-Core,4GBRAM,64GB,Android6.0,6000mAh,Negru(includehusasiliconsifolieprotectie)",1.499
803,"TelefonmobilSamsungGalaxyJ1MiniPrime,J106H,DualSim,8GB,3G,Auriu",449
804,"TelefonmobilSTKTitan150,DualSIM,OrangeBlack",289
805,"TelefonmobiliHunti9Light,DualSIM,4GB,3G,Verde",693
806,"TelefonmobilSonyXperiaXA,16GB,4G,LimeGold",1.046
807,"TelefonmobilASUSZenFoneMax,DualSim,32GB,4G,Black",899
808,"TelefonmobilAlcatel2008G,Black",225
809,"TelefonmobilDoogeeX5,DualSim,8GB,White",369
810,"TelefonmobilAllviewX3SoulMini,DualSIM,16GB,Silver",849
811,"TelefonmobilMicrosoftLumia950XL,32GB,4G,Black",1.999
812,"TelefonmobilAllviewX2SoulLite,DualSIM,16GB,Black",649
813,"TelefonmobilBlackBerryZ10,4G,White",749
814,"TelefonmobilAllviewA5Ready,DualSIM,8GB,Black",299
815,"TelefonmobilBLULifeMark,DualSim,16GB,4G,Grey",639
816,"TelefonmobilYezzAndy5EI3V2,DualSIM,8GB,Black",339
817,"TelefonmobilHonor4X,DualSim,8Gb,4G,Black",849
818,"TelefonmobilSamsungGalaxyA7(2016),A7100,DualSim,16GB,4G,Black",1.619
819,"TelefonmobilAlcatel2051,DualSim,Silver",269
820,"TelefonmobilHTCDesire10Lifestyle,32GB,4G,Albastru",1.169
821,"TeslaSmartphone6.2,DualSim,32GB,4G,Gold",1.160
822,"TelefonmobilBlubooEdge,4G,DualSIM,Quad-Core,2GBRAM,16GB,13MPSony,TouchID,Android6.0,Gold",1.275
823,"TelefonMobilUlefoneTigerDualSIM4G,5.5""HD(GorillaGlass3),Quad-Core,2GB+16GB,13MPxSony,TouchID,Android6.0,Negru",719
824,"TelefonmobilSamsungGalaxyJ1(2016)J120HDualSim,8GB,3G,Auriu",618
825,"TelefonmobilSamsungGalaxyNote5N920C,32GB,4G,Negru",3.042
826,"TelefonmobilHtcDesire828,16GB,4G,PearlWhite",1.479
827,"TelefonmobilSamsungGalaxyGrandPrime+,DualSim,8GB,4G,PinkGold",780
828,"TelefonmobilOukitelK7000,DualSIM,4G,Quad-Core,16GB,SenzorAmprenta,Android6.0,Negru",799
829,"TelefonmobilLenovoA6010,DualSIM,8GB,4G,Black",549
830,"TelefonmobilBLUVivo5R,DualSim,32GB,4G,Grey",1.279
831,"TelefonmobilYezzAndy5EI3,DualSIM,Black",319
832,"TelefonmobilBLUEnergyDiamond,DualSim,8GB,Gold",469
833,"TelefonmobilPhilipsS309,DualSim,8GB,Black",299
834,"TelefonmobilSonyXperiaXA,16GB,4G,GraphiteBlack",1.046
835,"TelefonmobilZTEBladeA512,DualSim,16GB,4G,Pink",799
836,"TelefonmobilSamsungGalaxyA7(2016),A7100,DualSim,16GB,4G,Gold",1.551
837,"TelefonmobilLeEcoLe2(LeTv),DualSIM,4G,5.5-inchFHD,Deca-CoreHelioX20,3GBRAM,16GB,16MP,Android6.0,USBType-C,Gold",1.199
838,"TelefonmobilCATS40,DualSIM,16GB,4G,Black",1.809
839,LENOVOVIBEP1DualSim16GBAuriu2GBRAMP1C58,861
840,"TelefonmobilSamsungGalaxyS7DualSim,32GB,4G,Roz",2.665
841,TelefonMobilHTCOneM9PrimeCameraGrey,1.999
842,"TelefonmobilBlubooMini,3G,DualSIM,Quad-Core,8GB,Android6.0,Alb",346
843,"TelefonMobilUlefoneMETAL,DualSIM,5""HDIPSLTPS,Octa-Core,3GB+16GB,8MPx,TouchID,Android6.0,GriMetalic,KIT(includeHusaFlipsiFolieProtectiedinSticla9H)",849
844,"TelefonmobiliHunti9Light,DualSIM,4GB,3G,Orange",699
845,"TelefonMobilVPHONEM3,DualSIM,4G,5""HD,4Core1.3GHz,2+16GB,rezistentalaconditiiextremeIP68,13MPx,200g,Android5.1,Negru",1.189
846,"TelefonmobilLeagooZ1DualSim,RoseGold",349
847,"TelefonmobilUlefoneArmor,4G,DualSIM,Octa-Core,3GBRAM,32GB,NFC,Android6.0,IP68,Black",1.499
848,"TelefonMobilUlefoneBEPureLite,DualSIM,3G,5""HDIPS,Quad-Core,8GB,13MPxSony,Android6.0,Alb",479
849,"TelefonmobilSamsungJ111GalaxyJ1AceDualSim,8GB,4G,Albastru",573
850,"TelefonmobilLGV10,H961N,DualSim,64GB,4G,Negru",2.045
851,"TelefonmobilMicrosoftLumia435DualSim,8GB,White",369
852,"TelefonmobilSamsungGalaxyC7,C7000,DualSim,32GB,4G,Roz",1.879
853,"TelefonmobilDiscoveryV82016,DualSIM,8GB,Android4.4,Galben",800
854,"SmartPhoneCUBOTS550PRO,DualSIM,SenzorAmprenta,4G,5.5""HDIPS2.5DOGS,4Core1.3GHz,3GB+16GB,13MPx,Android5.1,Alb+BONUS:CarcasaTransparenta,FolieSticla",991
855,"TelefonmobilCaterpillarS60,DualSIM,32GB,4G,Black",2.899
856,"TelefonmobilAlcatel1016,DualSim,PureWhite",108
857,"TelefonmobilAllviewP5Pro,DualSIM,8GB,4G,Black",449
858,"TelefonmobilDoogeeX3,DualSim,White",279
859,"TelefonmobilDoogeeX3,DualSim,Black",279
860,"TelefonmobilAllviewX2SoulLite,DualSIM,16GB,White",649
861,"TelefonmobilOukitelK7000PowerBank,DualSIM,4G,Quad-Core,16GB,Android6.0,7000mAh,Negru",899
862,"TelefonmobilAlcatel2008G,Black/Silver",209
863,"TelefonmobilUMIROMEX5.5""FullHD1.3GHzQuadCoreMTK65801GB+8GB8MPDualSIM2500mAh",550
864,"TelefonmobilHomTomHT17Pro,4G,DualSIM,Quad-Core,2GBRAM,16GB,Android6.0,3000mAh,DarkBlue",850
865,"TelefonmobilXiaomiRedmiNote3DualSim,16GB,4G,Silver",999
866,"TelefonmobilHtcDesire825,DualSim,16GB,4G,DarkGrey",1.249
867,"TelefonmobilAllviewC6Duo,8GB,Black",299
868,"TelefonmobilMyPhonePocket,DualSim,Gold",242
869,"TelefonMobilUlefoneU008PRODualSIM4G,5""HD(GorillaGlass3),Quad-Core,2GB+16GB,13MPx,ButonFizic(Home),Android6.0,Roz",679
870,"TelefonMobilUlefoneU008PRODualSIM4G,5""HD(GorillaGlass3),Quad-Core,2GB+16GB,13MPx,ButonFizic(Home),Android6.0,Gri",679
871,"TelefonmobilMotorolaXT1635MotoZPlay,32GB,4G,DualSIM,Black",2.650
872,"TelefonmobilCubotMax,4G,DualSIM,6-inchHD,Octa-Core,3GBRAM,32GB,Android6.0,4100mAh,Gold",1.199
873,"TelefonmobilCubotMax,4G,DualSIM,6-inchHD,Octa-Core,3GBRAM,32GB,Android6.0,4100mAh,Negru",1.199
874,SAMSUNGGalaxyJ5PrimeDualSim16GBLTE4GRoz2GBRAMG570Y,1.099
875,"TelefonmobilXiaomiMiMax,DualSim,32GB,4GLTE,Silver",1.239
876,LENOVOP264GBNegruP2C72,1.913
877,"TelefonmobilSamsungGalaxyJ1MiniDualSim,J105H,8GB,3G,Auriu",421
878,"TelefonmobilHTCOneM9Plus,32GB,4G,Gri",1.723
879,"TelefonmobilZOPOZP370Color-S5.54G-LTE,DualSIM,Quad-Core,1GBRAM,8GBROM,5.5"",alb",544
880,"TelefonmobilZOPOZP370Color-S5.54G-LTE,DualSIM,Quad-Core,1GBRAM,8GBROM,5.5"",gri",544
881,"TelefonMobilVPHONEM3,DualSIM,4G,5""HD,4Core1.3GHz,2+16GB,rezistentalaconditiiextremeIP68,13MPx,200g,Android5.1,Portocaliu",1.189
882,"TelefonMobilCUBOTRainbow,DualSIM,5""HDIPS,Quad-Core,16GB,13MPx,LEDNotificare,Android6.0,Negru+BONUS:HusaSiliconsiFolieSticla9H",594
883,"SmartPhoneCUBOTCheetah2DualSIM,4G,5.5""FHDIPS,8core1.3GHz,3GB+32GB,Camera13MPxSamsung,Fingerprint,USBType-C,LuminaNotificare(Rosu/Verde),Android6.0,Albastru+BONUS:HusaSiliconsiFoliePlastic",1.288
884,"TelefonbrelocPorscheCayennecureportofon,radiofm,camerafotocufunctieinregistrareascunsa,negru",600
885,SAMSUNGGalaxyJ5PrimeDualSim16GBLTE4GNegru2GBRAMG570Y,1.049
886,"TelefonmobilAsusZenfone3Deluxe,DualSim,32GB,4G,Auriu",2.430
887,"TelefonmobilSamsungGalaxyJ7Prime,G610FD,DualSim,16GB,4G,Negru",1.314
888,"TelefonmobilHTCDesire820GPlus,16GB,AlbAlbastru",849
889,"TelefonmobilSamsungGalaxyC7,C7000,DualSim,32GB,4G,Gri",1.899
890,"TelefonmobilXiaomiRedmiNote464GB5,5inches2.1GHzDeca-core3GBGold",1.199
891,"TelefonmobiliHuntx20,DualSIM,8GB,8MP,Android6.0,Verde",899
892,"TelefonMobilUlefoneTigerDualSIM4G,5.5""HD(GorillaGlass3),Quad-Core,2GB+16GB,13MPxSony,TouchID,Android6.0,Auriu",719
893,"TelefonmobilDiscoveryV20,3G,DualSIM,8GB,8MP,Android6.0,Verde",890
894,"TelefonMobilBlubooMINIDualSIM,KIT,3G,4.5""qHDIPS,QuadCore1.3GHz,1GB+8GB,8MPx,Android6.0,Alb+BONUS:FolieProtectiesiCastii",346
895,"TelefonmobilMicrosoftLumia435DualSim,8GB,Black",369
896,"TelefonbrelocRolls-Roycecureportofon,radiofm,camerafotocufunctieinregistrareascunsa,Rosu",600
897,"TelefonmobilBlackBerryQ5,8GB,4G,White",579
898,"TelefonmobilHTCOneA9,32GB,4G,Argintiu",2.449
899,"SmartPhoneCUBOTS550PRO,DualSIM,SenzorAmprenta,4G,5.5""HDIPS2.5DOGS,4Core1.3GHz,3GB+16GB,13MPx,Android5.1,Negru+BONUS:CarcasaTransparenta,FolieSticla",991
900,"TelefonmobilMeizuPro5M576,DualSim,32GB,4G,Negru/Argintiu",1.548
901,"TelefonmobilHuaweiMateS,DualSim,64GB,3GBRAM,4G,Auriu",1.734
902,"TelefonmobilHuaweiAscendG7,16GB,4G,Auriu",1.185
903,"TelefonmobilMeizuM2NoteM571,DualSim,16GB,4G,Roz",768
904,TelefonmobilRugGearRG100,643
905,"TelefonmobilUMiMAX,4G,DualSIM,Octa-core,3GBRAM,16GB,13MP,Android6.0",891
906,"TelefonmobilSamsungGalaxyC7,C7000,DualSim,64GB,4G,Gri",1.999
907,"TelefonMobilHomtomHT17Pro4GLTEMTK6737Android6.016GB,2gbram,Smartphone5.5inch13MPSilver",850
908,"TelefonmobilYezzAndyA5.5,DualSIM,Black",619
909,"TelefonmobilSTKStorm4,DualSim,8GB,White",439
910,"TelefonmobilSamsungGalaxyJ7(2016),16GB,4G,White",1.289
911,"TelefonmobilAllviewA5QuadPlus,DualSIM,8GB,Black",475
912,"TelefonMobilCUBOTNoteS,DualSIM,5.5""HDIPS,16GB,8Mpx,4150mAh,Negru,Android6.0+BONUS:HusaSiliconsiFolieSticla9H",899
913,"Telefon3SimAdmetK5000,Baterie5000mAh,cufunctiedePowerBank,Negru",300
914,"TelefonmobilAllviewL6,DualSim,Black+simTelekomcu8GBinternet,5euroinclusi",116
915,"TelefonmobilMyPhone6300,Black",130
916,"TelefonmobilMeizuM3Max,DualSim,64GB,4G,Auriu",1.103
917,"TelefonmobilOnePlusX,E1003,DualSim,16GB,4G,NegruCeramic",1.652
918,"TelefonmobilMyPhone3300,White",130
919,"TelefonmobilSamsungGalaxyGrandPrime+,DualSIM,8GB,4G,Black",879
920,HTC10Evo32GBLTE4GAlbArgintiu3GBRAM,2.469
921,"TelefonmobilCubotDinosaur,4G,DualSIM,5.5-inchHD,Quad-Core,3GBRAM,16GB,Android6.0,4150mAh,Gold",1.099
922,"TelefonmobilCubotCheetah2,4G,DualSIM,5.5-inchFHD,Octa-Core,3GBRAM,32GB,Android6.0,3000mAh,Gold",1.299
923,MEIZUM5DualSim32GBLTE4GNegru3GBRAMM611,718
924,LGStylus2DualSim16GBLTE4GAlb2GBRAMK520DY,864
925,"TelefonmobilMicrosoftLumia532,DualSim,8GB,Orange",339
926,"TelefonmobilSamsungGalaxyA32017,DualSim,16GB,4G,Black",1.599
927,"TelefonMobil,SonyXperiaZ116GbAlbC6902",1.218
928,"TelefonMobil,SamsungGalaxyA9Pro2016DualSim32GbLte4GAuriu4GbRamA9100",1.999
929,"TelefonmobilAllviewP6eMagic,16GB,DualSIM,Auriu",449
930,"Telefonmobil,SamsungGalaxyJ5PrimeDualSim32GBLTE4GRoz",1.107
931,"TelefonMobil,LenovoVibeP1ProDualSim16GbAuriu3GbRamP1C72",885
932,"TelefonmobilCubotDinosaur,4G,DualSIM,5.5-inchHD,Quad-Core,3GBRAM,16GB,Android6.0,4150mAh,Negru",999
933,"TelefonmobilAllviewM9Luna,DualSim,Black",260
934,"TelefonmobilCubotCheetah2,4G,DualSIM,5.5-inchFHD,Octa-Core,3GBRAM,32GB,Android6.0,3000mAh,Blue",1.299
935,"TelefonmobilAlcatel1054D,DualSim,Negru-Alb",104
936,"TelefonmobilSamsungGalaxyA3(2016),16GB,4G,Negru",1.079
937,LENOVOZUKZ2ProDualSim128GBAlb6GBRAMZ2121,2.014
938,SAMSUNGGalaxyS7EdgeDualSim128GBLTE4GNegruPearl4GBRAMG9350,4.007
939,"TelefonmobilLetvOneSDualSim,32GB,4G,Argintiu",855
940,"TelefonmobilLeagooElite4,DualSim,Roz",549
941,"TelefonmobilSamsungGalaxyJ1MiniDualSim,J105H,8GB,3G,Negru",421
942,"TelefonMobilAllviewV2Viper,16GB,DualSIM,Albastru",549
943,"TelefonDualSIMMedia-TechDUALHQcuEcranLCD2.4"",BrowserInternet2G,LanternasiVibratii,redareMP3siMP4,GPRS,BT2.1,MMS,BaterieLitiu600mAh,Negru/Albastru",130
944,"TelefonmobilXiaomiMi5DualSim,64GB,4G,Roz/Auriu",1.482
945,"TelefonMobilUlefoneMETAL,DualSIM,5""HDIPSLTPS,Octa-Core,3GB+16GB,8MPx,TouchID,Android6.0,Argintiu,KIT(includeHusaFlipsiFolieProtectiedinSticla9H)",849
946,"TelefonMobilCUBOTManito,DualSIM,4G,5""HDIPS,4Core1.3GHz,3GB+16GB,13MPx,2350mah,Android6.0,Negru+BONUS:HusaSilicon,FolieProtectie",792
947,"TelefonMobilCUBOTRainbow,DualSIM,5""HDIPS,Quad-Core,16GB,13MPx,LEDNotificare,Android6.0,Rosu+BONUS:Husa,Folie,microSD16GBcls10siBrataraFitnessCUBOTV1Neagra",594
948,"TelefonmobilNomuS10,4G,DualSIM,Quad-Core,16GB,Android6.0,5000mAh,Orange",1.275
949,"TelefonmobilMotorolaMotoG4Plus,XT1642,DualSim,16GB,4G,Alb",1.209
950,"TelefonmobilSonyXperiaXAUltra,DualSim,16GB,4G,Verde",1.518
951,"TelefonmobilHTCDesire10Lifestyle,32GB,4G,Verde",1.149
952,"TelefonmobilSonyXperiaZ5Premium,32GB,4G,Black",2.700
953,"TelefonmobilSonyXperiaXPerformance,F8131,32GB,4G,Black",2.379
954,"TelefonmobilHuaweiMate8,32GB,4G,Grey",2.349
955,"TelefonMobilUlefoneTigerDualSIM4G,5.5""HD(GorillaGlass3),Quad-Core,2GB+16GB,13MPxSony,TouchID,Android6.0,Gri",719
956,"TelefonmobilHuaweiNovaPlus,DualSim,32GB,4G,Auriu",1.659
957,"TelefonmobilSonyXperiaZ5,E6633,DualSim,32GB,4G,Alb",1.963
958,"TelefonmobilASUSZenFoneZoom,ZX551ML,64GB,4G,Black",1.435
959,"TelefonmobilXiaomiMi5,DualSim,32GB,4G,Gold",1.455
960,"TelefonMobilVivaxSmartFLY3LTESilver,DualSim,5"",Quad-CoreCortex-A53,16GB,4G,Silver",945
961,"TelefonmobilHomTomHT17Pro,4G,DualSIM,Quad-Core,2GBRAM,16GB,Android6.0,3000mAh,White",850
962,"TelefonmobilHTCOneA9s,32GB,4G,Grey",1.549
963,"TelefonmobilLenovoA1000m,DualSIM,4Gb,negru",359
964,"TelefonmobilBlackviewBV5000,DualSIM,4G,Quad-Core,2GBRAM,16GB,5000mAh,Android6.0,Orange",1.099
965,TelefonmobilSonyXperiaXF512132GB4GGold,2.222
966,HTCDesire10ProDualSim64GBLTE4GAlb4GBRAMD10I,1.822
967,"TelefonmobilHuaweiAscendP1,Black",911
968,"TelefonmobilAsusZenfone2,DualSim,64GB,4GBRAM,4G,Argintiu",1.178
969,"TelefonmobilUtokExplorer3S,DualSim,8GB,BlackGreen",589
970,"TelefonmobilBLUEnergyDiamond,DualSim,8GB,Grey",469
971,"TelefonmobilHtcOneS9,16GB,4G,GunmetalGrey",1.072
972,"TelefonmobilLeagooLead3,DualSim,Roz",359
973,"TelefonmobilAlcatelPixi4,DualSim,8GB,Silver",390
974,"TelefonmobilSamsungGalaxyC5,C5000,DualSim,64GB,4G,Auriu",1.599
975,"TelefonmobilMyPhoneHammerEnergy,DualSim,16GB,4G,Orange",1.089
976,"TelefonmobilBLUVivo5Mini,DualSim,8GB,Gold",429
977,"TelefonmobilBLUVivo5Mini,DualSim,8GB,Silver",429
978,"TelefonmobilDoogeeX5,DualSim,8GB,Black",369
979,"TelefonmobilMeizuMX3,16GB,White",1.329
980,"TelefonmobilOppo1100,DualSim,4G,White",1.089
981,"TelefonmobilOppoNeo5,4G,White",889
982,"TelefonmobilBLUEnergyDiamondMini,DualSim,4GB,Gold",399
983,"TelefonmobilBLUVivo5Mini,DualSim,8GB,Grey",429
984,"TelefonmobilBLUDiamondM,DualSim,4GB,Gold",409
985,"TelefonmobilSonyXperiaM5,DualSim,4G,Black",1.645
986,"TelefonmobilLenovoMotoG4,16GB,4G,White",1.119
987,"TelefonmobilMyPhoneFun5,DualSim,8GB,White",359
988,"TelefonmobilMyPhoneFun5,DualSim,8GB,Black",359
989,"TelefonmobilOppo3000,DualSim,8GB,4G,White",1.529
990,"TelefonmobilPhilipsX586,DualSim,16GB,4G,ChampagneWhite",829
991,"TelefonmobilBLUVivo5Mini,DualSim,8GB,RoseGold",429
992,"TelefonmobilHomTomHT17Pro,4G,DualSIM,Quad-Core,2GBRAM,16GB,Android6.0,3000mAh,Gold",850
993,"TelefonmobilMyPhoneHammer2,DualSim,Orange",308
994,"TelefonmobilMyPhoneHammer2,DualSim,Black",308
995,"TelefonMobilBlubooDUAL,DualSIM4G,5.5""FHDSHARP,4core1.5GHz,2GB+16GB,Sony13MPx,DualCamera,TouchID,Android6.0,Negru",1.071
996,"TelefonMobilBlubooEDGEDualSIM4G,5.5""HDOGS(GorillaGlass4),4core1.3GHz,2GB+16GB,Sony13MPx,TouchID,Android6.0,Auriu",1.071
997,BLUEnergyDiamondDualSim8GBGri1GBRAME130E,449
998,"TelefonmobilSamsungGalaxyJ2(2016)DualSim,8GB,4G,Negru",849
999,"TelefonMobilBlubooDUAL,DualSIM4G,5.5""FHDSHARP,4core1.5GHz,2GB+16GB,Sony13MPx,DualCamera,TouchID,Android6.0,Auriu",1.071
1000,"TelefonmobilSamsungGalaxyJ2Prime,DualSim,8GB,4G,Roz",879
1001,"TelefonMobilUlefoneViennaLite,DualSIM4G,5.5inchFHDSHARPLTPS(GorillaGlass3),Octa-Core,2GB+16GB,13MPxPanasonic,NXPAudio,TouchID,Android5.1,Alb+BONUS:FoliePlastic",749
1002,"TelefonMobilBlubooEDGEDualSIM4G,5.5""HDOGS(GorillaGlass4),4core1.3GHz,2GB+16GB,Sony13MPx,TouchID,Android6.0,Negru",1.071
1003,"TelefonmobilMyPhoneHammerEnergy,DualSim,16GB,4G,Black",1.190
1004,"TelefonmobilSamsungGalaxyA3(2016),16GB,4G,Auriu",1.168
1005,BLUVivo5RDualSim32GBAuriu3GBRAMV0090EE,1.159
1006,"TelefonmobilZTEBladeV7,DualSim,16GB,4G,Gri",1.650
1007,"TelefonmobilAlcatelShineLite,5080U,16GB,4G,Alb",849
1008,"TelefonmobilUhansU200,4G,DualSIM,Quad-Core,16GB,13MP,Android5.1,Negru",875
1009,"TelefonmobilSonyXperiaXPerformance,F8131,32GB,4G,White",2.379
1010,"TelefonmobilSamsungGalaxyA3(2016),16GB,4G,Roz",1.099
1011,"Telefon3SimAdmetK5000,Baterie5000mAh,cufunctiedePowerBank,Rosu",300
1012,"Telefon3SimAdmetK5000,Baterie5000mAh,cufunctiedePowerBank,Albastru",300
1013,"TelefonMobilAsusZenfone3,ZS570KL,256GBDualSim4G,GlacierSilver",4.998
1014,"TelefonmobilAppleiPhone7,256GB,4G,RozAuriu",4.499
1015,"TelefonmobilSamsungGalaxyS7Edge,32GB,4G,CoralBlue",3.076
1016,TelefonmobilNokia215DualSIMBlack,202
1017,"TelefonmobilHuaweiNova,SingleSim,32GB,4G,PrestigeGold",1.679
1018,"TelefonmobilCubotManito,4G,DualSIM,5-inchHD,Quad-Core,3GBRAM,16GB,Android6.0,Negru",799
1019,"TelefonmobilCubotManito,4G,DualSIM,5-inchHD,Quad-Core,3GBRAM,16GB,Android6.0,Gold",799
1020,"TelefonmobilVargoIvargo,4G,Octa-CoreSnapdragon615,5-inchFHD,3GBRAM,32GB,13MP,Android5.1,Gri",1.199
1021,TelefonSamsungA310GALAXYA32016Negru,1.099
1022,"TelefonmobilVisionTouchVT-Life,8GB,DualSIM,Gri",399
1023,"TelefonmobilAllviewP6EnergyLite,DualSIM,8GB,4G,Black",499
1024,"TelefonmobilCUBOTNoteS,3G,DualSIM,Quad-Core,2GBRAM,16GB,Android6.0,4150mAh,Gold",799
1025,"TelefonmobilSamsungGalaxyA7(2017),32GB,4G,DualSim,Gold",2.299
1026,HTC10Evo32GBLTE4GAuriu3GBRAM,2.469
1027,"TelefonmobilDualSIM,JeepZ6,3G,GPS,Negru",800
1028,"TelefonmobilMyPhonePocket,DualSim,Black",308
1029,"TelefonmobilLenovoS820,DualSim,4GB,Alb",749
1030,LETVLePro3DualSim32GBLTE4GRoz4GBRAMLEX720,1.684
1031,"TelefonmobilZTEAxonElite,DualSim,32GB,4G,Auriu",1.833
1032,LENOVOA6600PlusDualSim16GBNegru2GBRAM,682
1033,"TelefonmobilZTENubiaZ9Mini,DualSim,16GB,4G,Negru",1.206
1034,"TelefonmobilZTEAxonMini,DualSim,32GB,4G,Auriu",1.804
1035,"TelefonmobilXiaomiMi4,16GB,3G,Alb",641
1036,"TelefonmobilLeTvLe2,X620,DualSim,32GB,4G,RozAuriu",890
1037,"TelefonmobilBlubooDual,4G,DualSIM,Quad-Core,16GB,Android6.0,Gold",1.199
1038,MEIZUM3MaxDualSim64GBLTE4GNegru3GBRAMS685,1.058
1039,"TelefonmobilSonyXperiaX,DualSim,32GB,4G,Negru",1.978
1040,"TelefonmobilAsusZenfoneGo,ZB551KL,DualSim,16GB,4G,Gri",671
1041,"TelefonmobilLeTvOneS,DualSim,64GB,4G,Auriu",1.110
1042,"TelefonmobilSonyXperiaX,32GB,4G,LimeGold",2.208
1043,"TelefonmobilSamsungGalaxyA520F/DS(2017),DualSim,32GB,4G,GoldSand",2.249
1044,BLUVivo6DualSim64GBRozAuriu4GBRAMV0110EE,1.449
1045,TelefonMobilMobiwireAyasha,75
1046,"TelefonmobilLGK8,K350K,DualSim,8GB,4G,Albastru",699
1047,"SmartphoneLandRoverDiscoveryV9,DualSim,Galben",1.100
1048,"TelefonmobilLGK8,K350K,DualSim,8GB,4G,Alb",699
1049,"TelefonDualSIMJeepZ63GGPS,Portocaliu",800
1050,"TelefonmobilAlcatelPop3(5),DualSim,8GB,4G,SoftSilver",558
1051,"Smartphone,LandRover,Discovery,V9,DualSim,Portocaliu",1.100
1052,"SmartphoneLandRoverDiscoveryV9,DualSim,Verde",1.100
1053,"TelefonMobilUlefoneMetalLiteDualSIM,3G,5""HDIPS(GorillaGlass3),Quad-Core,16GBFlash,13MPx,TouchID,Android6.0,Argintiu",699
1054,"TelefonmobilSonyXperiaX,F5121,32GB,4G,RoseGold",1.999
1055,"TelefonmobilHTCOneA9s,32GB,4G,Gold",1.579
1056,"TelefonmobilHTCOneA9s,32GB,4G,Silver",1.579
1057,"TelefonmobilLGG5SE,H840,32GB,4G,Silver",1.999
1058,"TelefonmobilLenovoK6Power,DualSim,16GB,4G,Grey",1.015
1059,"TelefonmobilBlackberryPassport,32GB,4G,Alb",1.684
1060,"TelefonmobilMyPhone3300,Black",86
1061,HTC10Evo32GBLTE4GGri3GBRAM,2.469
1062,"TelefonmobilSonyXperiaXPerformance,F8131,32GB,4G,LimeGold",2.379
1063,LETVLePro3DualSim64GBLTE4GRoz4GBRAMLEX720,2.093
1064,"TelefonmobilAppleiPhone7Plus,32GB,4G,Negru",4.199
1065,"TelefonmobilMotorolaMotoM,DualSim,32GB,4G,Auriu",1.759
1066,TelefonSamsungA510GALAXYA52016Negru,1.369
1067,"TelefonmobilCongMetal,4G,DualSIM,5.5-inchFHD,Octa-Core,3GBRAM,16GB,Android5.1,3050mAh,Silver",1.099
1068,"TelefonMobilVivaxFLYV551Silver,Slim,Fingerprint,DualSim,5.5"",Quad-CoreMT6737,HDIPSdisplay,16GB,4G,camera13MP,Android6.0,Silver(includefoliedeprotectie)",990
1069,SmartphoneMYRIAMY90048GBDUALSIMBlackAndroid6.0,399
1070,"TELEFONMOBIL1.8""MYRIAMOONMY9090NEGRUCUALBASTRU",59
1071,"TelefonmobilVisionTouchVT-Inspire,8GB,DualSIM,Albastru",449
1072,"TelefonMobilVivaxPointX501Black,DualSim,5"",Quad-CoreMT6737,HDIPSdisplay,16GB,4G,camera13MP,Black",790
1073,"TelefonmobilSamsungGalaxyA8(2016),DualSim,32GB,4G,Blue",2.539
1074,"TelefonMobilVivaxPointX501White,DualSim,5"",Quad-CoreMT6737,HDIPSdisplay,16GB,4G,camera13MP,White/Gold",790
1075,"TelefonMobilVivaxFLYV551RoseGold,Slim,Fingerprint,DualSim,5.5"",Quad-CoreMT6737,HDIPSdisplay,16GB,4G,camera13MP,Android6.0,RoseGold(includefoliedeprotectie)",990
1076,"TelefonmobilSamsungGalaxyA8(2016),DualSim,32GB,4G,Gold",2.599
1077,"TelefonmobilNokia105New2015,DualSim,Negru",118
1078,"TelefonMobil,Htc1064GbLte4GNegru4GbRamM10H",3.799
1079,"TelefonMobil,HtcOneM964GbLte4GAuriuArgintiu3GbRam",2.069
1080,"TelefonmobilAlcatel1054D,DualSim,Negru",104
1081,"TelefonmobilAllviewH3Join,Black",249
1082,"TelefonmobilSamsungGalaxyJ2(2016)DualSim,8GB,4G,Argintiu",849
1083,TelefonmobilLETVLePro3DualSim32GBLTE4GAuriuForce4GBRAMLEX720,1.749
1084,"TelefonMobil,HtcOneM964GbLte4GGri3GbRam",2.252
1085,"TelefonMobil,LgG432GbLte4GAlbAuriu3GbRamH815",1.497
1086,"TelefonMobil,SamsungGalaxyS6Edge64GbLte4GVerde3GbRamG925I",2.647
1087,"TelefonMobil,SamsungGalaxyS664GbLte4GAlb3GbRamG9208",2.919
1088,"TelefonMobil,MicrosoftLumia950XL32GbLte4GAlbCuTastatura3GbRam",1.799
1089,AlcatelOneTouchPopC1OrangeYomiSSBlack,280
1090,"TelefonMobil,AsusZenfoneGoTvDualSim16GbLte4GAlbZb551Kl",783
1091,"TelefonMobil,LenovoS60DualSim8GbLte4GRoz",613
1092,"TelefonMobil,Htc1064GbLte4GAuriu4GbRamM10H",3.799
1093,"TelefonMobil,HtcOneM9Plus32GbLte4GGriSupremeCameraEdition3GbRamM9PX",1.913
1094,XIAOMIMi5DualSim32GBLTE4GRozAuriu3GBRAM,1.434
1095,"TelefonMobil,SonyXperiaXCompact32GbLte4GAlb3GbRamF5321",1.940
1096,"Telefonmobil,SamsungGalaxyS316GBNegru1GBRAM",1.197
1097,"TelefonmobilAlcatel2051X,SingleSim,Silver",239
1098,"TelefonmobilAlcatel2051X,SingleSim,White",239
1099,"TelefonmobilAppleiPhone7Plus,256GB,4G,Argintiu",5.099
1100,"TelefonMobil,HuaweiHonor8DualSim32GbLte4GAuriu4GbRam",2.007
1101,"TelefonmobilSamsungGalaxyJ2(2016)DualSim,8GB,4G,Auriu",849
1102,"TelefonmobilHTCOneA9s,32GB,4G,Gold",1.599
1103,SmartphoneMYRIAFitMY90068GBDUALSIMBlackAndroid6.0,549
1104,"TelfonmobilBLUVivoXL2,32GB,4G,3GBRAM,Blue",912
1105,"TelefonmobilHTCOneA9s,32GB,4G,Grey",1.599
1106,"TelefonmobilVargoIvargo,4G,Octa-CoreSnapdragon615,5-inchFHD,3GBRAM,32GB,13MP,Android5.1,Gold",1.199
1107,"TelefonmobilHTCOneA9s,32GB,4G,Silver",1.599
1108,"TelefonmobilMotorolaXT1572MotoXStyle,32GB,4G,White",1.649
1109,"TelefonmobilNokia150,DualSim,White",157
1110,"TelefonmobilNokia150,Black",157
1111,"TelefonmobilCUBOTNoteS,3G,DualSIM,Quad-Core,2GBRAM,16GB,Android6.0,4150mAh,Negru",799
1112,TelefonAlcatel2008GNegru,189
1113,"TelefonMobilCUBOTManitoDualSIM,4G,5""HDIPS,QuadCore1.3GHz,3GBRAMDDR3,16GBFlash,Camera13MPx,2350mah,Android6.0,Auriu+BONUS:HusaSilicon",799
1114,"TelefonmobilBLULifeMax,DualSim,16GB,4G,DarkBlue",939
1115,"TelefonmobilAllviewL5Lite,SingleSim,Black",89
1116,AlcatelPixi44034d,374
1117,"Telefonmobil,LenovoPhabPlusDualSim32GBLTE4GAuriu2GBRAMPB1-770M",921
1118,"TelefonmobilSonyXperiaM5,16GB,4G,Alb",1.349
1119,"TelefonMobilCUBOTS600,DualSIM,SenzorAmprenta,4G,5""JDIAH-IPS,4Core1.3GHz,2GB+16GB,16MPxPDAFSamsung,7.5mm,Android5.1,Alb+BONUS:CarcasaTransparenta,FoliePlastic",792
1120,"TelefonmobilMeizuM2M578,DualSim,16GB,4G,Roz",604
1121,"TelefonmobilHTCDesire816DualSim,8GB,3G,Portocaliu",902
1122,"TelefonmobilMeizuPro5M576,DualSim,32GB,4G,Alb",1.631
1123,"TelefonmobilMeizuM2M578,DualSim,16GB,4G,Negru",656
1124,"TelefonmobilXiaomiRedmiNote3,DualSIM,16GB,4G,Gold",1.249
1125,"TelefonmobilHTCDesire828DualSim,16GB,4G,Negru",988
1126,"TelefonmobilHTCButterfly2Waterproof,16GB,4G,Rosu",2.899
1127,"TelefonmobilLeagooElite4,DualSim,Negru",549
1128,"TelefonmobilSamsungGalaxyS7Edge,G9350,DualSim,32GB,4G,Negru",3.083
1129,"TelefonmobilMicrosoftLumia430DualSim,8GB,Portocaliu",332
1130,"TelefonmobilLGV10H961N,DualSim,64GB,4G,Albastru",2.053
1131,"TelefonmobilrezistentiHunti5,DualSIM,Quad-Core,1GBRAM,IP68,Galben",792
1132,"TelefonmobilXiaoCaiX6,DualSIM,5000mAh,Verde",299
1133,"TelefonmobilLeagooElite4,DualSim,Alb",549
1134,"TelefonmobilLeagooLead2,DualSim,Negru",549
1135,"TelefonDual-SIMRollsRoyceV095,rosu",600
1136,"TelefonmobilSonyXperiaXZ,DualSim,64GB,4G,Negru",2.850
1137,"TelefonmobilOukitelU15s,DualSIM,4G,Octa-Core,4GBRAM,32GB,Android6.0,Gold(includeHusasiliconsiFolieprotectie)",1.449
1138,"TelefonmobilSamsungGalaxyC5,C5000,DualSim,64GB,4G,Argintiu",1.599
1139,"TelefonmobilSonyXperiaXZ,DualSim,64GB,4G,Argintiu",2.850
1140,"TelefonmobilHTCOneS9,16GB,4G,Argintiu",1.065
1141,"TelefonmobilUlefoneMetal,4G,DualSIM,5.0-inchHD,Octa-Core,3GBRAM,16GB,Android6.0,3050mAh,Silver(includeHusapiele)",799
1142,"TelefonmobilZOPOColor-C34G,DualSIM,Quad-Core,1GBRAM,16GBROM,5.0"",negru",455
1143,"TelefonmobilVerneeMars,DualSIM,4G,Octa-CoreHelioP10,4GBRAM,32GB,13MP,Android7.0,Grey",1.750
1144,"TelefonmobilDoogeeX6Pro,2GBRAM,5.5""HD,DualSIM,4G,16GB,3000mAh,ALB",775
1145,"TelefonmobilHTCOneX9DualSim,32GB,4G,Negru",1.278
1146,"TelefonmobilLeagooM5DualSim,TitaniumGrey",599
1147,"TelefonmobilLeagooZ5DualSim,ChampagneGold",449
1148,"SmartphonedualSIMpentruSenioriFYSICEasy,IconuriMarisiMeniuSimplificat,ButonSOS,Negru",822
1149,"TelefonmobilLeagooZ5DualSim,TitaniumGrey",449
1150,"TelefonmobilLeagooM5DualSim,GalaxyWhite",599
1151,"SmartphoneEvolioM6,DualSIM,5.5""IPS,QuadCore",499
1152,"TelefonmobilLeagooM5DualSim,ChampagneGold",599
1153,"TelefonmobilLeagooZ5DualSim,GalaxyWhite",449
1154,"TelefonmobilXiaomiRedmi4DualSim,16GB,4G,Negru/Argintiu",732
1155,"TelefonmobilAsusZenfone3ZE520KL,DualSim,64GB,4G,Alb",1.608
1156,"TelefonmobiliHuntS20,4G,DualSIM,Quad-Core,3GBRAM,32GB,Android6.0,IP68,Negru",1.499
1157,"TelefonmobilGTSTARJanusOne,Negru",179
1158,"TelefonmobilSonyXperiaX,DualSim,64GB,4G,Roz",1.798
1159,"TelefonmobilHomTomHT16,3G,DualSIM,Quad-Core,8GB,Android6.0,3000mAh,Blue",450
1160,"TelefonmobilNomuS20,4G,DualSIM,Quad-Core,3GBRAM,32GB,Android6.0,Negru",1.499
1161,"TelefonmobilHTCOneS9,16GB,4G,Auriu",1.083
1162,"TelefonmobilXiaomiRedmiNote4,DualSim,16GB,4G,Auriu",867
1163,TelefonMobilLGG5SEH84032GBSilver,2.349
1164,"TelefonmobilZTEBladeL110,DualSIM,Black",249
1165,"TelefonmobilLeagooZ1DualSim,TitaniumGrey",349
1166,"TelefonMobilPOLAROIDEpsilon,DualSIM,4G,5.5""HDIPS,4core,1GB+8GB,2+8MPx,RamaMetalica,Android5.1,Auriu+BONUS:HusaSiliconsiCasti",699
1167,TelefonMobilSonyXperiaXCompactF532132GB4GBlack,2.099
1168,"TelefonmobilUmiDiamond,DualSIM,4G,Octa-Core1.5Ghz,3GBRAM,16GBROM,13MP,2MP,Android6.0GOLD",725
1169,"TelefonmobilHuaweiHonor7,DualSim,16GB,4G,Argintiu",1.540
1170,MEIZUPro6sDualSim64GBLTE4GRoz4GBRAM,2.202
1171,"TelefonmobilOnePlus3,A3000,DualSim,64GB,4G,Auriu",2.549
1172,TelefonmobilNokiaLumia620White,649
1173,"TelefonmobilLGK8,K350N,8GB,4G,White",699
1174,TelefonMobilMotorolaXT1700MotoE38GBBlack,730
1175,"TelefonmobilXiaomiMi5,DualSIM,32GB,4G,Gold",1.899
1176,"TelefonmobilBlackviewP2,4G,DualSIM,Octa-Core,4GBRAM,64GB,Android6.0,6000mAh,Gold(includehusasiliconsifolieprotectie)",1.499
1177,"TelefonmobilOukitelU20Plus,DualSIM,4G,Quad-Core,16GB,13MP,Android6.0,3300mAh,Negru",1.250
1178,"TelefonmobilSonyXperiaM5,16GB,4G,Negru",1.371
1179,"TelefonMobilUlefoneU007PRO,DualSIM,4G,5""HD(GorillaGlass3),Quad-Core,8GB,13MPx,Android6.0,Gri",527
1180,"TelefonmobilLeTvLe2,X621,DualSim,32GB,Roz",856
1181,"TelefonmobilDiscoveryV20,3G,DualSIM,8GB,8MP,Android6.0,Galben",890
1182,"TelefonmobilASUSZenfone6,DualSim,16GB,Negru",842
1183,"TelefonmobilSamsungGalaxyC5,C5000,DualSim,64GB,4G,Roz",1.599
1184,TelefonbrelocDualSIMLamborghiniLP700-Gold,600
1185,TelefonbrelocDualSIMLamborghiniLP700-Silver,600
1186,"TelefonDual-SIMRollsRoyceV095,albastru",600
1187,"VerneeMARS,2xSIM,4G,5.5""FHDEdge2Edge2.5D(GorillaGlass3),8Core1.8GHz(HelioP10),4GB+32GB,13MPxSONY,3000mAh,MetalIntegral,Auriu+BONUS:HusaFlipsiFolieSticla9H",1.499
1188,"TelefonmobilLGK10,K430DSY,DualSim,16GB,4G,Negru/Auriu",671
1189,"TelefonmobilLGK10,K430DSY,DualSim,16GB,4G,Alb",671
1190,"TelefonmobilMeizuPro6,DualSim,32GB,Silver",2.367
1191,"TelefonmobilSamsungGalaxyNote5N920I,32GB,4G,Negru",2.592
1192,"TelefonmobilLGK7DualSim,8GB,4G,Black",664
1193,"TelefonmobilKarbonnAlfaA114,DualSIM,Grey",269
1194,"TelefonMobilVivaxSmartFly2Gold,DualSim,5"",Quad-CoreCortex-A53,16GB,4G,Gold",769
1195,"TelefonMobilVivaxSmartFUNS500Gold,DualSim,5"",Quad-CoreMTK6580M,8GB,3G,Gold",699
1196,"TelefonMobilVivaxSmartFUNS500Gray,DualSim,5"",Quad-CoreMTK6580M,8GB,3G,Gray",699
1197,"TelefonmobilUlefonePower,dualsim,acumulatorsony6050mah,3gbram,senzoramprenta,alb",1.188
1198,"VerneeMARS,2xSIM,4G,5.5""FHDEdge2Edge2.5D(GorillaGlass3),8Core1.8GHz(HelioP10),4GB+32GB,13MPxSONY,3000mAh,MetalIntegral,Auriu",1.486
1199,"TelefonbrelocRolls-Roycecureportofon,radiofm,camerafotocufunctieinregistrareascunsa,negru",600
1200,"TelefonmobilAlcatelPixi4(5)5010X,8GB,Silver",479
1201,"TelefonbrelocPorscheCayennecureportofon,radiofm,camerafotocufunctieinregistrareascunsa,Rosu",600
1202,"TelefonMobilUlefoneArmorDualSIM,4G,4.7""HDIPS(GorillaGlass3),Octa-Core,3GB+32GB,13MPx,StandardProtectieIP68,Android6.0,Portocaliu",1.104
1203,"TelefonmobilLGV10H961N,DualSim,64GB,4G,Alb",2.181
1204,"TelefonmobiliHuntx20,DualSIM,8GB,8MP,Android6.0,Galben",899
1205,"TelefonmobilHuaweiNovaPlus,DualSim,32GB,4G,Argintiu",1.659
1206,"TelefonMobilUlefoneU007PRO,DualSIM,4G,5""HD(GorillaGlass3),Quad-Core,8GB,13MPx,Android6.0,Alb",527
1207,"TelefonmobilLenovoS60,DualSim,8GB,4G,Alb",616
1208,"TelefonmobilAlcatelPixi4,DualSim,8GB,White",390
1209,MEIZUPro6sDualSim64GBLTE4GAuriu4GBRAM,2.254
1210,"TelefonmobilBlackberryPrivSTV100-3,32GB,4G,Negru",2.157
1211,"TelefonmobilBlubooEdge,4G,DualSIM,Quad-Core,2GBRAM,16GB,13MPSony,TouchID,Android6.0,Black",1.275
1212,"TelefonmobilAlcatel1035,DualSim,DarkChocolate",149
1213,"TelefonmobilXiaomiMi5s,DualSim,64GB,4G,Argintiu",1.789
1214,"TelefonmobilMicrosoftLumia435,DualSim,8GB,Verde",333
1215,"TelefonmobilSamsungGalaxyJ1MiniDualSim,J105H,8GB,3G,Alb",429
1216,"TelefonMobilULEFONEParisLite,DualSIM,3G,5""HDIPS2.5D(GorillaGlass3),Quad-Core,16GB,13MPxSony,BesAudio,Android6.0,Alb+BONUS:HusaSilicon,FoliePlasticsiCasti",649
1217,"TelefonMobilUlefoneBEPureLite,DualSIM,3G,5""HDIPS,Quad-Core,8GB,13MPxSony,Android6.0,Albastru+BONUS:HUSAFLIP,CastisiFolie",529
1218,"TelefonmobilAsusZenfoneLiveDualSim,16GB,4G,Alb",654
1219,"TelefonmobilLGK10,K430DSY,DualSim,16GB,4G,Negru/Albastru",671
1220,ASUSZenfone3UltraDualSim64GBLTE4GRozZU680KL,2.995
1221,"TelefonDual-SIMRollsRoyceV095,negru",600
1222,"TelefonmobiliHuntx300Elite,4G,DualSIM,5.5-inchFullHDGorillaGlass4,Octa-Core,4GBRAM,32GB,Android6.0,4750mAh,Negru",1.799
1223,"TelefonbrelocPorscheCayennecureportofon,radiofm,camerafotocufunctieinregistrareascunsa,alb",600
1224,"TelefonMobilUlefonePOWERDualSIM,4G,5.5""FHD,Octa-Core,3GB+16GB,6050mAh,TouchID,Android6.0,Alb",999
1225,"TelefonmobilALCATELONETOUCHPopStar,DualSim,8GB,4G,Black",745
1226,"TelefonMobilCUBOTX16S,DualSIM,4G,5""2.5DJDIHDIPS,4Core,3GB+16GB,13MPx,Android6.0,Alb+BONUS:HusaTransparentasiFolie",991
1227,"TelefonmobilMeizuMetalM57A,DualSim,32GB,4G,Negru",1.096
1228,"TelefonmobilMeizuMetalM57A,DualSim,32GB,4G,Alb",1.235
1229,"TelefonmobilHTCDesire828DualSim,16GB,4G,Alb",910
1230,"TelefonmobilSamsungGalaxyS6G9208,32GB,4G,Alb",2.422
1231,"TelefonmobilSamsungGalaxyNote5N920CD,DualSim,32GB,4G,Argintiu",3.211
1232,"TelefonmobilSamsungGalaxyNote5N920C,32GB,4G,Argintiu",3.097
1233,TelefonmobilHTCDesire526GDualSimBlack,694
1234,"TelefonmobilXtouch,Ephone2,negru",321
1235,"TelefonmobilXiaomiMiNoteDualSim,16GB,4G,Negru",1.896
1236,"TelefonmobilHuaweiHonor4CDualSim,16GB,Alb",905
1237,"TelefonmobilHuaweiHonor5XDualSim,16GB,4G,Argintiu",1.077
1238,"TelefonmobilHuaweiHonor5XDualSim,16GB,4G,Gri",1.077
1239,"TelefonmobilHUAWEIHonor4C,8GB,Negru",827
1240,"TelefonmobilAsusPegasus,DualSim,16GB,2GBRAM,4G,Alb",861
1241,"TelefonMobilBlubooPicasso3GDualSIM,5""HDIPSLTPS(80%ratie),4Core1.3GHz,2GB+16GB,8MPxcuFlashFrontal,Ultra-Slim,Auriu",594
1242,"TelefonmobilMyPhoneFun5,DualSim,8GB,Gold",359
1243,"TelefonmobilAlcatelPop3(5),DualSim,8GB,BlackLeather",522
1244,"TelefonmobilAllviewA8Lite,DualSim,8GB,Black",369
1245,"TelefonmobilALCATELONETOUCHIdol3(5.5),DualSim,32GB,4G,DarkGrey",1.360
1246,"TelefonmobilLeagooLead7,DualSim,Alb,4500mAhLithiuPolymer",649
1247,"TelefonmobilSamsungA7GalaxyA700F,White",2.199
1248,"TelefonmobilLenovoK6Note,DualSim,32GB,4G,Gold",1.499
1249,"TelefonmobilLenovoK6Note,DualSim,32GB,4G,Darkgrey",1.499
1250,"TelefonmobilLenovoMotoM,dualsim,32GB,4G,Gold",1.599
1251,"TelefonmobilAllviewX4Soul,64GB,4G,Black",1.699
1252,"TelefonmobilNokia150,DualSim,Black",157
1253,"TelefonmobilAllviewX4Soul,64GB,4GBRAM,DualSim,Black",1.899
1254,"TelefonmobilLetvMax2X820,DualSIM,64GB,4G,Gold",2.235
1255,"TelefonmobilAcerJadeZ,DualSim,8GB,4G,White",527
1256,BLUPureXRDualSim64GBGri4GBRAMP0030EE,1.919
1257,"TelefonMobilCUBOTECHODualSIM,3G,5""HDIPS,4core1.3GHz,2GB+16GB,13MPx,Android6.0,LEDNotificare,AudiosiBoxeKTS,ecranrezistentlasocuri,Negru+BONUS:HusaSiliconsiFolieEcran",699
1258,"TelefonmobilAlcatelPixi4,DualSim,8GB,Black",432
1259,"TelefonMobilVerneeApolloLiteDualSIM,4G,5.5""FHDIPSIGZOSharp,DecaCore2.3GHz,4GB,32GBFlash,16MPxSamsung,3180mAh,Negru,KITcuOchelariVRGoXtreme",1.499
1260,"TelefonmobilXiaoCaiX6,DualSIM,5000mAh,Negru",299
1261,"TelefonmobilYotaPhone,32GB,4G,White",699
1262,"TelefonmobilDiscoveryV82016,DualSIM,8GB,Android4.4,Verde",800
1263,"TelefonmobilHtcDesire530,16GB,4G,SprinkleWhite",749
1264,"TelefonmobilMeizuPro6,DualSim,32GB,4G,Grey",1.799
1265,"TelefonmobilHTCE9DualSim,16GB,4G,Negru",999
1266,"TelefonmobilEvolioM5Pro,DualSIM,8GB,Blue",389
1267,"TelefonMobilVerneeApolloLiteDualSIM,4G,5.5""FHDIPSIGZOSharp,10Core2.3GHz,4GB+32GB,16MPxSamsung,Gri,KIT(includeHusaFlip,FolieProtectiedinSticla9HsiCasti)",1.499
1268,"TelefonmobilLenovoMotoG4,DualSim,16GB,4G,Black",1.200
1269,"TelefonMobilVerneeThorDualSIM,4G,5.0inchHDIPSLTPSCorningGorillaGlass3,OctaCore1.3GHz64Bit,3GBDDR3,16GBFlash,13MPx,2800mAh,Negru,KIT(includeHusaFlip,FolieProtectiedinSticla9HsiCasti)",891
1270,"TelefonmobilPhonemaxVenusPlus,4G,DualSIM,Quad-Core,2GBRAM,16GB,16MP,Android6.0,Gold",899
1271,"TelefonmobilNokia150,White",157
1272,"TelefonmobilUTOKDorel3S,DualSIM,Black/Orange",594
1273,TelefonDualSimBMWX6-Gold,400
1274,"TelefonMobilVPHONEX3(X2i),DualSIM,4G,5.5""HD,4Core1.3GHz,2+16GB,rezistentalaconditiiextremeIP68,13MPx,230g,Android5.1,Negru",1.486
1275,"TelefonmobilSTKSync5.5,DualSIM,8GB,White",689
1276,ONEPLUS3TDualSim64GBLTE4GNegru6GBRAMA3010,2.599
1277,"TelefonmobilKarbonnK9Smart,DualSIM,8GB,GreyGold",349
1278,"TelefonmobilDiscoveryV11,DualSIM,Quad-Core,8GB,Android5.0,Gri",750
1279,"TelefonmobilSTKSync5.5,DualSIM,8GB,Black",689
1280,"TelefonmobilUTOKDorel4,DualSIM,Black",991
1281,"TelefonmobilMeizuPro6,DualSim,32GB,4G,Gold",2.129
1282,"TelefonmobilLeTvMax,DualSim,64GB,4G,Silver",2.569
1283,"TelefonmobilOppoR8200,DualSim,16GB,4G,White",2.469
1284,"TelefonmobilHTCDesire728G,DualSIM,16GB,White",999
1285,"TelefonmobilNomuS10,4G,DualSIM,Quad-Core,16GB,Android6.0,5000mAh,Negru",1.275
1286,"TelefonmobilSamsungGalaxyOn7,G6000,DualSim,8GB,4G,Auriu",829
1287,"TelefonmobiliHunti7,4G,DualSIM,5-inchHDDragonTail,3GBRAM,32GB,NFC,Android5.1.1,4050mAh,Negru,IP67",1.630
